% Model,Cyl_axis_oriented_magnetic_field.mph
% Version,COMSOL 6.1.0.282
% Date,"Jan 29 2025, 16:34"
% Table,Table 2 - Line Integration 2
% H0 (A/m),Eigenfrequency (GHz),o (1),e (1)
50000,3.4620542720715486-5.049342746579506E-13i,0.003267168889113405,0.5060656318126805
50000,3.961337962982259+2.7394717868172242E-14i,-0.3815229624111564,-0.0067127041451788706
50000,5.141768397068644-6.033339671264613E-14i,0.0029677510491090036,0.47838279281603047
50000,5.489344110114091-8.168657786871981E-13i,-0.002088236345589428,-0.41964892175653506
50000,6.031181162878138+6.986737192412389E-14i,-0.7033954273660858,-0.004054375566044117
50000,6.159204371800797-1.814324717507701E-13i,0.6564394514782004,7.042798839079494E-4
50000,7.4508695007374985-5.216729913244269E-13i,4.892491755108065E-6,9.09455075883413E-5
50000,8.47748010317069+2.0789540585725286E-13i,-5.06042042177059E-4,0.205769224530824
50000,8.626834510395097+2.4030752211950842E-14i,-0.005123307891036259,-0.28429273675104044
56600,3.694216436187142-2.1763986039898484E-13i,0.0032062793506652957,0.4957924716211221
56600,4.193562368292457+2.0609060314695086E-13i,-0.46214434528584825,0.005477724410355995
56600,5.390642647018143+5.128973574625512E-13i,-0.003897034102365751,-0.6626585662819167
56600,5.7215361909074565-3.132718024905145E-13i,0.0024928572558185528,0.37247156151741423
56600,6.269617990470178+1.3506737277741984E-15i,-0.5050832667550498,-0.006433435117313665
56600,6.391352923498264-1.0398271866155239E-13i,-0.7021641431706119,-0.004216916244875612
56600,7.683069955936176-1.2130541413907834E-13i,0.0021032449995713924,0.009832416654997208
56600,8.714947124923272-3.959584369078615E-13i,-0.00253967554192342,-0.6134274947979311
56600,8.859064029531043-4.295914846144908E-14i,0.005288623336448577,0.34253530340701743
63200,3.926377238681999-8.927519850007841E-13i,0.003108707242533283,0.4786826932016149
63200,4.42578150921051-2.2712187419206525E-14i,-0.683886602609659,0.0012920762615717292
63200,5.6380918155853585-3.3091508297162777E-13i,-0.0029175823393810933,-0.5067184005391705
63200,5.953725944044745+6.524739037458239E-14i,-0.00404102223037301,-0.683436973855714
63200,6.507601170961818+1.6325667891857187E-14i,0.689737700548165,0.0054023932155227074
63200,6.623501328489407-1.0661532029613406E-13i,-0.22555862044500227,0.00562468379453777
63200,7.915267956137647+3.1931055105719967E-15i,-0.0023564760825058187,-0.01101518424725197
63200,8.952172563177022-2.562234478021819E-13i,-0.003057672381215186,-0.6617182918527017
63200,9.091290712997885-2.473861564633903E-13i,0.0046006972101578615,0.6963856532541309
69800,4.15853682434887+4.4258365876158046E-13i,0.003218674490891986,0.49977790872870065
69800,4.657995887134106+1.266223225930144E-13i,-0.6598779885337352,-0.003127007292177292
69800,5.884295542579431+1.6465427181961608E-14i,0.003296833095347818,0.5407598147756746
69800,6.185913533943216-4.7013881887266496E-14i,-0.003714979169045562,-0.6681163372377265
69800,6.745178635986021-9.48975383423436E-16i,0.6813390257926615,0.005545683276461488
69800,6.855649599644298-7.948268518047692E-15i,0.5280786538988015,0.007365982335378726
69800,8.147463658034452+2.47173717559297E-15i,-0.0023910803993603285,-0.011171561336373691
69800,9.189172708710275-8.585922431582567E-15i,-0.003309357192138702,-0.32213764178564636
69800,9.32351469950182,9.811704880898012E-4,0.5690445367994205
76400,4.390695318058528-2.290324876685493E-15i,0.0032047807354991546,0.49793478170393707
76400,4.890205941522286+2.1369522083340647E-15i,-0.37349792318802005,-0.006678793470793353
76400,6.129403781455734+6.649626199646922E-15i,0.003205590490185272,0.5263285914613819
76400,6.418099109860687-7.894089649564936E-15i,-0.0035403432722363676,-0.6438936482412131
76400,6.98239172255026+2.5010353578324514E-15i,0.15937738758474382,-0.003538597179235632
76400,7.0877977488707975-1.4974193615337159E-15i,0.6098041820350643,0.006625163770346718
76400,8.379657205195223+9.337411518757145E-15i,-0.0027685480007494457,-0.012904739303025544
76400,9.425962402483439+2.072687442893758E-15i,-0.0028106824194553464,-0.21289679798382496
76400,9.555736118840747-1.0580113354778772E-14i,-1.7041613295810625E-4,0.46900290279482654
83000,4.6228528280850005+2.772263484063222E-15i,0.0032149148764265686,0.5004884435492692
83000,5.122412059188295+2.603641892790309E-15i,-0.37784743995358505,-0.006628244473614157
83000,6.373542810321762+3.3040083266814205E-15i,0.0024589132221324995,0.39853676255126974
83000,6.650282807607723+1.5154681669115406E-15i,-0.003987438403061318,-0.7011441062879868
83000,7.219276279852603-3.264722175333664E-15i,-0.6905082890912932,-0.0032938561128509737
83000,7.3199457872319575-8.78218377344139E-16i,-0.7047246696589635,-0.003166627751650198
83000,8.611848729415259+7.288020275130762E-15i,-0.003205726621556495,-0.014882362106069982
83000,9.66255519524762-2.5431093997113584E-14i,-0.003500721527938476,-0.36807636398886945
83000,9.787955092624088-3.217647830031253E-14i,0.0017124082860577221,0.6201309978010772
89600,4.855009448775705,0.0031987789451681536,0.49810613794341335
89600,5.354614581968113-1.3605654772456529E-15i,-0.41445173125443646,-0.006372661663261884
89600,6.616819814922242-2.6062887023798693E-15i,0.0030875131982988253,0.508540809551815
89600,6.882464751031936+7.374730508818539E-15i,-0.0027992178211323107,-0.5326132029484987
89600,7.4558635586072715-8.617816854920111E-16i,-0.20300008789002233,-0.005773375066088504
89600,7.552093725046795+8.845775749216628E-15i,0.424419839899159,0.00782030673005895
89600,8.844038351902226+1.4325240290915006E-15i,-0.0013637826481499938,-0.006453349287646134
89600,9.898963486274189-1.1528303227617257E-14i,-0.0032200377380592654,-0.3022887255715838
89600,10.020171734904757-1.342667666995032E-13i,8.369121831706278E-4,0.556423048482387
96200,5.0871652627273+8.597672856132395E-16i,0.0031953481365865153,0.49803520732302825
96200,5.586813813084676+1.354607119105172E-15i,-0.5468467351011724,-0.005156665357761436
96200,6.859326429795251-3.940049539698869E-15i,0.003044617358666474,0.5023672421876649
96200,7.114645053310356+8.178819756278666E-15i,-0.003038981379722874,-0.569562635518067
96200,7.6921809315160585-6.623761923307751E-15i,-0.3594083890020997,-0.006299915077960962
96200,7.784241571979658+3.963140286494467E-15i,0.30270234779935773,0.007969916478016223
96200,9.076226184321362-5.46454045658841E-15i,-0.0013985597069631611,-0.006626164222340662
96200,10.135198644372817-9.99579501180423E-14i,-0.0033655795225923817,-0.3360323242050761
96200,10.252386152761023-7.298767544360305E-14i,0.0016886160792269648,0.6180279024086587
102800,5.319320342563666-2.123306199045321E-15i,0.003222177415609449,0.5035580486360596
102800,5.81901002246025-1.5996579986060798E-15i,0.48921130131082496,0.0057465697689723805
102800,7.101141507505976-5.547383590076857E-15i,-0.0041393922418681275,-0.7025906568543464
102800,7.346823818077264-6.885962869666661E-15i,-0.003504713037842182,-0.5655986026364577
102800,7.928252481398681+8.209588120555942E-15i,-0.37037994749050684,-0.0063336920566552535
102800,8.016389337119723+4.452116051002706E-15i,-0.40387441214161757,0.003896555731141588
102800,9.308412329719225+6.226885234733677E-15i,0.0033234165794717974,0.01517986564316579
102800,10.3712711138062-2.578595809471633E-13i,-0.00402544413258695,-0.5134879806714826
102800,10.48459844682442-1.155849725645751E-13i,0.005494825551593373,0.5409057953133816
109400,5.551474752400397+2.141340376249035E-15i,0.0031879718444879344,0.4976714428698502
109400,6.051203451174346,0.26363502088391705,-0.006475393837133906
109400,7.342333307909242,0.0036174933323658708,0.6204997750494426
109400,7.579001140411493+1.5358182153007458E-15i,-0.0032736059991467104,-0.6048952206914446
109400,8.16409948468559+3.928834840746255E-15i,-0.6556083026887499,-0.0022168698084518487
109400,8.248537029051668-1.0065825891556893E-15i,-0.6268877169795165,-0.0063732153724626005
109400,9.540596883341832,-0.0033150901528397167,-0.01527184791355812
109400,10.607190507280286-9.863925943397431E-13i,-0.004226755071247416,-0.593144822906389
109400,10.716808711760086-2.658265067715084E-13i,-0.001856927473963162,0.27950897482768655
116000,5.783628549058256,0.0031907146965379934,0.49863339207769
116000,6.2833943152232195+3.996953328198852E-15i,-0.3166580800127859,-0.006791499175969863
116000,7.5829612461214655-2.1679477458582874E-15i,0.0026990197912686057,0.4460618980693127
116000,7.8111771077035375-2.2739177521939327E-15i,-0.0031128691422889496,-0.580718769829475
116000,8.399740811503273+2.577149200817097E-15i,0.1335222611627082,0.005535825321273876
116000,8.480684655919273+5.212339272558137E-15i,0.6984885577921909,0.0024189073087553404
116000,9.772779933361-4.388862987777592E-15i,-0.0031675338697977544,-0.014604616711586386
116000,10.842965687823954-2.710623700899588E-13i,-0.004032956727709585,-0.5158599593356523
116000,10.949017036704452+1.0370619389843153E-13i,0.0015165578055081315,0.605657427035268
122600,6.015781783074482,0.003163454498811149,0.49397551186016897
122600,6.515582808705958-3.6661299809367095E-15i,0.23468013731635273,-0.006515121195130217
122600,7.823077300839836-3.2116243698640737E-15i,0.0038881248435204572,0.6544629129699234
122600,8.04335180041902,-0.001727160772589509,-0.3608334366391802
122600,8.6351932587701-8.704076321489969E-15i,-0.2778845769563458,0.0027556304784478293
122600,8.712832225482886,0.518830581042153,-0.0023358338114549205
122600,10.004961561521153+6.605898177516887E-15i,-0.0018793620778815492,-0.00884102727021173
122600,11.078604841111494-1.3322636633351688E-12i,-0.0042808204821320585,-0.6294566483277473
122600,11.181223505667168-4.919394120781382E-13i,0.0029665472628199506,0.6844214556628324
129200,6.247934499550128+2.7757697217057234E-15i,0.003176116574640676,0.49672443288928786
129200,6.747769106536253,-0.2905765422520325,-0.006829172180805861
129200,8.062727158471764+7.503462107436833E-15i,0.0023336110970895905,0.38522005922347213
129200,8.275525292772782-3.867118570046103E-15i,-0.003428279295251338,-0.6275625532000881
129200,8.87047182910801+4.064780129871342E-15i,0.7008909087065364,0.003581989755506167
129200,8.944979745171548-8.862684239028902E-15i,-0.23363873982648822,0.005651590971760235
129200,10.237141843716222-4.47424759233268E-15i,-0.0017315392047150707,-0.008180314708762485
129200,11.314115539477982+1.964303211845081E-14i,-0.0033951198471223122,-0.34397368721107524
129200,11.413428197892726-2.6526072513189573E-14i,0.0026095967915779903,0.6691293034222319
135800,6.480086738863851-2.7883540570059334E-15i,0.003133942227569076,0.48923696692999624
135800,6.9799533667605145+2.7741220043956354E-15i,-0.5023801980346722,-0.005549908185512476
135800,8.301951149778338+4.928878090855054E-15i,3.240398521468156E-4,0.04273984109585661
135800,8.507697653325714+7.014645230193669E-15i,-0.00284136511359707,-0.5389725260867547
135800,9.105589965638709+4.988551327224658E-15i,-0.6096211208073679,-0.0012000954771107571
135800,9.177127222131212+3.000707186962079E-15i,0.15349523602889292,-0.006281997286687628
135800,10.469320850505417-5.9468022593408695E-15i,-0.0026022633685522556,-0.012071206059528512
135800,11.549504798774255+2.7598829473716764E-14i,-0.002624079365707615,-0.17738426706079963
135800,11.645631188204703-1.849985466551302E-14i,0.0030209988141559523,0.6862897580399304
142400,6.712238537275811+9.06487527322905E-16i,0.0031515723364072025,0.4928586104083486
142400,7.212135732547544-2.7510200313395476E-15i,-0.2910577974437465,-0.0067671708723871715
142400,8.540785022106665,0.0028880640958487925,0.48261950781980395
142400,8.73986894551434-6.025195323734822E-15i,-0.0027584067679027693,-0.5260373265743846
142400,9.340559750637382-3.674492067633921E-15i,0.7056729979882358,0.0038928216371907375
142400,9.409274663268777+4.896276516251625E-15i,0.6433215469708489,0.006087867364365524
142400,10.701498647575189-5.707785352514062E-15i,-0.0010810042738941229,-0.005270514626206219
142400,11.784779128947118+2.0297528119447585E-14i,-0.0032951516067336265,-0.32121157713684184
142400,11.87783254730294+1.6960927096240716E-14i,0.0028293606176502005,0.6786765549252691
149000,6.944389927441057+4.0935470232072436E-15i,0.003210571036042818,0.5041967481660791
149000,7.444316333902402,-0.5747210360790024,-0.004744445330374198
149000,8.77926058026683,0.0013830976383706693,0.22510248702406174
149000,8.972039228121693-1.2930728207740915E-15i,-0.003164682046360109,-0.588401362688414
149000,9.575392074406027-4.680759940067917E-15i,-0.7008224711910297,-0.0035230454712910394
149000,9.641422075293491+8.441653936459913E-15i,-0.6796111563416403,-0.0013739051571532242
149000,10.933675296153742+2.5911413368436246E-15i,-0.003542461900575328,-0.016069852895225122
149000,12.019944579169719-7.083026550975912E-15i,-0.0031817009005374983,-0.2958430753843482
149000,12.110032342051639+1.8867120539422147E-14i,0.001348204565068732,0.5923877194558463
155600,7.17654093884812+1.7210533954977144E-15i,0.003181872332348118,0.4991362592008193
155600,7.676495289148993-3.0596253147295947E-15i,-0.6532037931312557,-0.0034047878332980033
155600,9.01740622165741-4.603741657608269E-15i,0.0024733680699253217,0.4128936156998882
155600,9.20420855569769+1.1592791228575336E-14i,-0.0033037591607786502,-0.6091636074657084
155600,9.810096779472223,0.6917703471423451,0.003092399122818933
155600,9.873569464756082+5.253878065280129E-15i,0.7015862603475306,0.004150854405457425
155600,11.165850853384496-2.8479155508396245E-15i,-0.003197213341307154,-0.014640582620379629
155600,12.255006778187715+6.404352608333314E-14i,-0.002780000217023497,-0.21015624052873905
155600,12.342230635737662-3.357169895073645E-14i,0.0013383019496844774,0.5914012175457098
162200,7.408691598194691-2.556867231396079E-15i,0.0031946661289190023,0.5018155902864238
162200,7.90867270621576+1.4618287955937146E-15i,-0.5114599486927224,-0.005410050044457481
162200,9.255247385645411+2.3323831722691805E-15i,0.0027631391282779043,0.4635776842618333
162200,9.43637697893388+3.172809115544918E-15i,-0.003110210445757158,-0.5801095805729664
162200,10.044682784238283-2.200550357340251E-15i,0.6873446001670118,0.002912989784767095
162200,10.105716838085245+8.58748888231556E-15i,0.6872669324261991,0.0017101756114603264
162200,11.398025372661825-3.3909504738027946E-15i,-0.0019988326729278327,-0.00938972527802275
162200,12.489970970470484+1.700627646014435E-13i,-0.0031932215488632127,-0.2989556668808763
162200,12.57442748830953-5.644785723288167E-14i,2.4213335773929373E-4,0.5010110123035021
168800,7.640841929711214,0.003180855945721767,0.4995044254892316
168800,8.140848683755557+2.115774324307319E-15i,-0.4240998533265554,-0.006050629137541378
168800,9.492806932958874-4.148907455543875E-15i,0.002560235733611975,0.4294264686399692
168800,9.668544544999788-3.4281197671381454E-15i,-0.0029958706035267723,-0.5626539193240901
168800,10.279158189433902-4.585906252329591E-15i,-0.6910364564419057,-0.005164311895709133
168800,10.337864201623358-2.1757110563828245E-15i,-0.7050892706784341,-0.0032255467049732357
168800,11.6301989039347+2.61515029679587E-15i,-0.0014946971766894642,-0.007155622584470246
168800,12.724842048670306+4.963388261560961E-14i,-0.003212185083368809,-0.30347478808848183
168800,12.806622956598039+1.2390406488905191E-14i,0.00222805526122736,0.6485936571772974
175400,7.872991955440325+1.5618045970097107E-15i,0.003179713857621146,0.4995472200294517
175400,8.373023312123458,-0.6581684605742858,-0.0032926702734998813
175400,9.730105467598591-3.165216174826622E-15i,0.0013460817450801656,0.2219650795925802
175400,9.900711297844275+5.215195066194863E-15i,-0.002826054029129641,-0.5364285968360817
175400,10.51353037010989+2.6782803426726976E-15i,0.7074880143279114,0.004171102927246679
175400,10.570011561660944+4.0477978891692904E-15i,0.684979464807337,0.0015939471472549407
175400,11.86237149398074+6.773060772156344E-15i,-0.0030257692999453713,-0.0138724899329266
175400,12.959624582823796+3.679962848342191E-13i,-0.0030867415508517124,-0.27607462511178466
175400,13.038817094519064-2.962645165879873E-13i,-2.573943712800879E-4,0.4525552909497856
182000,8.105141695478952-1.714107878292829E-15i,0.0031802913606416325,0.4998980269602466
182000,8.60519667423312-1.2682777764496232E-15i,-0.5492156190403419,-0.005000027081396228
182000,9.967161611264284-5.323515847068173E-15i,0.002285443824441944,0.38368380202984376
182000,10.132877278466294+7.466981615097177E-15i,-0.0034699699984127247,-0.6333679948100004
182000,10.747806055422844-1.448280485885361E-14i,0.16162638550670413,-0.0039342352024403174
182000,10.802158924470094+9.869192082688687E-15i,0.7050669557994776,0.003218410557409227
182000,12.094543186655141,-0.00229607395037581,-0.010698859435026303
182000,13.194322846677844-1.280202923967366E-12i,-0.002876161181363461,-0.2314603175678251
182000,13.271009953261327-4.0215661212929017E-14i,0.0017688588571709229,0.6202824149759232
188600,8.337291168189259-9.367443623771411E-16i,0.00316763927426085,0.4977618286148898
188600,8.83736884630935,-0.43444234544939675,-0.00593144831019992
188600,10.203992238338541,0.002253131605505448,0.37883543726691027
188600,10.365042525159307+3.430786791682486E-15i,-0.0029625288375096743,-0.5574591357957441
188600,10.981991398066674+7.757518788776057E-15i,-0.5713444032685225,-0.006331436372950751
188600,11.034306296338062,0.26624008768928786,-0.0053932420672505805
188600,12.326714023115715,-0.00272435252805971,-0.012559649435159371
188600,13.428940841454263-1.4512932508968223E-12i,-0.00232581711541967,-0.12147592039956831
188600,13.503201581461148-5.786818647595868E-14i,0.0018672959184652706,0.6264484116703406
195200,8.56944039038228,0.0031738135103464675,0.49913479506266706
195200,9.069539898550746+8.795856460167026E-15i,-0.5189389970443394,-0.005278067301675533
195200,10.44061267793879+1.1381416177466371E-14i,0.002758421894978938,0.46630298635980205
195200,10.597207073731054,-0.003185083316533324,-0.5912808897699608
195200,11.216092034891076+7.974343681006399E-15i,-0.2158914061153837,-0.006083610458282044
195200,11.266453683600862-1.1947239498048982E-14i,0.6772409457964691,0.005280200413926807
195200,12.55888404202781+3.4956186013801284E-15i,-0.0023677145791438947,-0.011008269753713497
195200,13.66348231736242+2.441980436192385E-14i,-0.0031349260959977953,-0.2875699053780914
195200,13.735392025361858-1.0396364821042574E-14i,0.0013744362725223052,0.5925368874585465
201800,8.80158937747898-6.640438174158332E-15i,0.003172644972180332,0.49912376947747705
201800,9.301709895715346-6.361679263531499E-15i,-0.4175700474525872,-0.005996507956934946
201800,10.677036888340384-2.4455656343996386E-15i,0.0013038744185268516,0.21748786404129872
201800,10.829370957703004+6.9501237073311285E-15i,-0.0025883237272234893,-0.4991277032683631
201800,11.4501131399884,-0.6391831781598791,-0.005916452656518909
201800,11.49860109267717+3.0798748177332764E-15i,-0.665380035789218,-0.005597127523445266
201800,12.791053279751122,-2.0558210638011684E-4,-0.0014573181254294262
201800,13.897950793087526+7.619007924296452E-14i,-0.004301593350298888,-0.6496142002682866
201800,13.96758132896553+1.1849336064312912E-14i,0.004846490594349819,0.6817275418935688
208400,9.033738143651426-8.379301449395744E-15i,0.003168959547148876,0.49863167093728633
208400,9.53387889763886,-0.5920774386322287,-0.004454270557044145
208400,10.913277608111768-8.097025736555916E-15i,0.0033144276847842805,0.5632008337015143
208400,11.06153420849002-1.1032923283584375E-14i,-0.0032214425219113,-0.5966880837037682
208400,11.684059471321216+4.536534396436628E-15i,-0.6388253156099483,-0.005919114230345724
208400,11.730748530103018+9.187115007838185E-15i,0.17998646220578832,-0.006099513057402501
208400,13.023221770509151,-0.0028087015044447727,-0.012905980257229773
208400,14.132349573475189+6.588391869331842E-14i,-0.003881378789598751,-0.4708676380337013
208400,14.199769534169139-7.91011033322399E-15i,0.0031300290131336425,0.6894118775880411
215000,9.265886701947215+2.5817639767966016E-15i,0.003206129330747708,0.505786095609234
215000,9.766046959694798+4.721318721846378E-15i,-0.4428394205978851,-0.005813256346130502
215000,11.149346487536878+3.4462645008573464E-15i,0.0024915595999553727,0.4222858790583601
215000,11.293696855564322+8.27064012462441E-15i,0.001365975006204992,0.16792829726003697
215000,11.917935411792435+6.8047222430815095E-15i,0.5643159835682343,1.9783887588886663E-4
215000,11.962896002568327+2.74993498327591E-15i,0.5427733558922218,-0.001985469220097937
215000,13.255389546544313-1.7146894420595434E-14i,0.003588512176099555,0.015996016645004187
215000,14.366681765619552+9.513852347686288E-14i,-0.0038178720518803415,-0.4533772924419495
215000,14.431956680894753-4.750431411438166E-14i,-4.1202418777878866E-5,0.47129991288798273
221600,9.49803506439911-1.2494307385791651E-14i,0.003192038533838141,0.5033235343879975
221600,9.998214133203929,-0.6576189860910739,-0.0033133829224641096
221600,11.385254203280335-3.991373374568581E-15i,0.0029579591394090525,0.5029396203138999
221600,11.52585892660342-2.8585865144684837E-15i,-0.003645386307562589,-0.6580192652745026
221600,12.151745005515671-5.467042905277161E-15i,-0.20803171879528054,-0.006117159173185175
221600,12.195043516954204-4.947542857126342E-15i,0.7027661722096732,0.003981940472183998
221600,13.487556638260058-2.7072442544076055E-15i,-0.0025878228746039032,-0.011949712021310645
221600,14.600950293508518+1.491368395303816E-13i,-0.0036676382007296018,-0.41401230555429874
221600,14.664142807209608-9.482908183066337E-14i,0.0022377276070303146,0.6479596896171653
228200,9.730183242122322,0.003172561269065549,0.4998453807275369
228200,10.23038046579937-7.376688495740521E-15i,0.6370661070831483,-0.0018888977527766408
228200,11.621010558753103+9.470436839493924E-15i,0.0024440280435614873,0.41525111602514464
228200,11.758020447625363-5.8536968889058825E-15i,-0.0038912765143518675,-0.690076460828215
228200,12.385491989929612-6.323692276523602E-15i,-0.6872401376828355,-0.002753520974510221
228200,12.42719108037314-1.1975990146826667E-14i,0.6983264532898124,0.0043602161181134046
228200,13.719723074350194-6.950587146178307E-15i,-0.0022738176989501066,-0.01059351484139621
228200,14.83515791137887+5.423020915138322E-14i,-0.003176427286270184,-0.2984959725188008
228200,14.896327949437643+1.266006135861155E-13i,8.01787626039302E-4,0.5464949417037493
234800,9.962331245400437+2.3904116241568113E-15i,0.0031710185231579153,0.49972045354761996
234800,10.462546001752765-5.467444006091138E-15i,-0.41687490911295816,-0.005918002898776296
234800,11.856624572230263-1.3742432560763364E-14i,0.00166976208242301,0.2830768410583401
234800,11.990181443111736-5.401241451274841E-15i,-0.0033736573900120547,-0.6191657037557952
234800,12.619179824301222-1.1050440928780518E-14i,0.7064080201134684,0.003778301985307541
234800,12.65933870021146-3.2931106898866634E-15i,0.6474380222001288,2.628742628288749E-4
234800,13.951888881917949+1.861313410030471E-15i,-0.002562838349632375,-0.011836176120553623
234800,15.069307215913815+4.6354195565232005E-14i,-0.0021235065558470045,-0.08599502847683263
234800,15.128512142263737,0.001085591131591465,0.569184012086608
241400,10.194479083762268+6.8063342180693295E-15i,0.0031713531848844225,0.49994008474501767
241400,10.694710782266375-2.1691645567821112E-15i,-0.4052111663571532,-0.005963709044751914
241400,12.092104554440091-4.9984467527191866E-15i,0.0020649250545256423,0.3513108550854332
241400,12.222341936119793+2.7605029197683077E-15i,-0.002948671767502133,-0.5551517220145299
241400,12.852811715082291+1.1488606326905767E-14i,0.04056585259463269,-0.004951354196267572
241400,12.89148638417487+4.879678325888113E-15i,0.5878044798190796,0.00678886968763145
241400,14.184054086584897+8.193462122959166E-15i,-0.0017292509184017415,-0.00823032481156324
241400,15.303400657397855+2.0045464096841993E-13i,-0.003093810213655682,-0.2812122260974604
241400,15.36069541883222-8.718176362383575E-14i,0.0017661903368731864,0.6183832443583085
248000,10.426626766050042-3.626184376784105E-15i,0.003195351136302823,0.5045910122211371
248000,10.92687484573568-3.25242574130838E-15i,-0.4558820693509219,-0.005659825456830768
248000,12.327458177073272+5.469774796435923E-15i,6.17361434117065E-4,0.10390826544471808
248000,12.454501948384964+2.1211725717366196E-14i,-0.003737426663813779,-0.670435320862675
248000,13.086390638517626-5.71240671621559E-15i,0.7074753137642846,0.003945065746296017
248000,13.123634140338096-1.8988266404214177E-15i,0.5512857508138445,-0.001824502076653562
248000,14.416218712591325+3.593194885146155E-15i,-0.0031806323250178465,-0.014433410850262078
248000,15.537440549932889+2.6101624348483195E-13i,-0.002312215832078735,-0.12276642185693573
248000,15.5928778108379-8.527352069256903E-14i,6.63939258710274E-5,0.4797968129447861
254600,10.658774300480252-3.856263674768395E-15i,0.003101669996224822,0.48720621968889466
254600,11.159038227984368-1.364913151846588E-15i,-0.6909152610228875,2.092782780946051E-4
254600,12.56269253343382+1.427541945760595E-14i,-1.6785116365673232E-4,-0.030017006238829354
254600,12.68666150041473+9.957935822481793E-15i,-0.0025706556337521218,-0.4961898125823455
254600,13.319919360843478,-0.6356575242904144,-0.0013513119619958794
254600,13.355781977198534,-0.1969180786604505,0.005931881299043399
254600,14.648382782888097+1.1938678177223822E-14i,-0.003598358285896368,-0.016042918284809034
254600,15.77142908080414-2.5675841000912466E-13i,-0.0034610177063116106,-0.3651134072670366
254600,15.825059348611658+2.1982492388443192E-14i,-0.0010532513368502595,0.36226024503771753
261200,10.890921694698333-8.186808492134044E-15i,0.0031497699518653575,0.49633019723135935
261200,11.391200962477168-2.4987638723096527E-15i,-0.4621971892786859,-0.005593935137037329
261200,12.797814192271455-4.337310634574618E-15i,0.002356028543060579,0.40264984977169016
261200,12.918820611574597-2.2422169764066882E-15i,-0.001886025689950489,-0.3863710667357152
261200,13.553400456370467+1.5843209464507551E-15i,0.39425272926642124,-0.002101916111814379
261200,13.587929903735436+1.715222714071756E-14i,0.6838958624616805,0.0015389441878197324
261200,14.880546319222143,-0.003466809888921108,-0.015199443526684755
261200,16.00536831907902-8.754069733210356E-13i,-0.002575105958234355,-0.1751065322985522
261200,16.05724006120155+1.532170916913872E-13i,-0.0011722801596603545,0.34809498952655804
267800,11.123068955827833-5.422004818331492E-15i,0.0030095651459537986,0.4703373106087226
267800,11.623363080511387,0.70400180219817,0.0010515724001047826
267800,13.03282924567624,0.00392351481774056,0.6717194999994455
267800,13.150979300166608-4.372471561339195E-15i,0.0022138752149593543,0.43935840171719964
267800,13.786836323702213+9.872507674164434E-15i,-0.7014299681635111,-0.0033098210518176865
267800,13.820077929474888-9.494545902243272E-15i,-0.6924087805936958,-0.0046723204201733065
267800,15.112709342213687+1.891633740435522E-15i,-0.0036203450424555153,-0.01606721009945804
267800,16.23926022351139+1.0135419764779844E-12i,-0.0010407536078809675,0.1031876235837616
267800,16.289419976447938-3.807878359504148E-13i,0.005062851912598061,0.32148018143280405
274400,11.35521609051393-2.2944300163323116E-15i,0.003168191609048855,0.5000402677689345
274400,11.855524611389864,-0.662374011481058,-0.003201904078827717
274400,13.267743351791747+1.8531882868274112E-14i,0.003431442592067119,0.587721609250594
274400,13.383137583502137+3.612577744252904E-15i,-0.0036001003831228388,-0.6515627964859747
274400,14.020229200307748-2.7139472971586026E-15i,-0.6772986657756448,-0.005404740105060678
274400,14.052226064562191-1.805605481781452E-15i,0.6964281281004532,0.00445640771724008
274400,15.344871871429449+5.53958469147067E-15i,-0.003585254595627704,-0.015785806410893062
274400,16.473106649827198-5.667614322367135E-13i,-0.003611232752139697,-0.4028292108384802
274400,16.521599121058017+3.446602869767191E-13i,0.002164443686664404,0.6425514787353694
281000,11.587363104963444+4.847169269485402E-15i,0.0031690768470414316,0.5003287956481177
281000,12.0876855825779-4.932808703683829E-15i,-0.6201715905431153,-0.003999576763441526
281000,13.502561772990326-6.1679182385765444E-15i,0.0024613376568458295,0.4219840427192759
281000,13.615295477968116-1.193484256826675E-14i,-0.0031064233401820224,-0.5791411375625546
281000,14.253581175636747+1.4315258306329376E-14i,0.4532293299576991,-0.0014981059136492064
281000,14.284374319842344+1.5270676906051076E-14i,0.42219811472402063,-0.003676112390491612
281000,15.57703392544877+1.6098667155051165E-14i,-0.0025229627144193923,-0.011648523310680635
281000,16.706909357409952-1.2918449235031685E-12i,-0.0027744063395973473,-0.21689447067523002
281000,16.75377752066995+8.481495954681275E-14i,0.0021323590344474123,0.6404925766440525
287600,11.819510004980481+2.5562643587179344E-15i,0.003165598486311652,0.49979460071615156
287600,12.319846019845617+2.4021496764281387E-15i,-0.5038302257269903,-0.005255267810148386
287600,13.737289410068303-3.533134496307462E-15i,0.002536852912083244,0.4353139307209976
287600,13.8474529990885+6.276296720442758E-15i,-0.003196668127547145,-0.5927415362196339
287600,14.486894202940192+4.398843046477377E-15i,-0.5980996817079746,-0.006255732956368261
287600,14.516522706950001,0.6110076616665364,0.006476453262541335
287600,15.809195521925375+1.3125770032143614E-14i,-0.0025285134841361895,-0.011669989013391481
287600,16.940670015502274-4.272326232484981E-14i,-0.003134713837638683,-0.2935145216863356
287600,16.98595519992127+1.771329816172617E-13i,0.0013652089652813192,0.588658393003004
294200,12.05165679599856-1.7501043832688502E-14i,0.0032544252995122757,0.5166162988897759
294200,12.552005947396843+4.125269817408335E-15i,-0.6984960282705408,-0.0018949960225995177
294200,13.971930832937192-3.952808712712938E-15i,-0.0010966221564821178,-0.18679535277572434
294200,14.079610161580334-1.037669882949994E-14i,-0.0033146869197429635,-0.5272472370941865
294200,14.720170109940398+1.6021814325113705E-14i,0.4683109831917176,-0.0013569446934807796
294200,14.74867123841094-1.1970051049673174E-14i,-0.6526659086305262,-0.005813097489167731
294200,16.041356677644735+1.590648604954586E-14i,-0.0015420088298335104,-0.0061936726581206724
294200,17.174390208892397+9.020436175365661E-12i,-0.001668474393033539,-0.00765467826798849
294200,17.218132182503137-1.076862668048161E-12i,0.0036836565998628287,0.7032259814721571
300800,12.28380348310992-2.8321973542622555E-15i,0.0031423728154237308,0.4956659531692438
300800,12.78416538798693+1.7651348362350513E-15i,-0.12563143649856953,-0.006455070309797662
300800,14.206490308226538+8.480627286684554E-15i,0.0029109634495687385,0.5000756114993828
300800,14.311766979406583+5.502212726245165E-15i,-0.0033354282014422037,-0.6133659744696093
300800,14.953410608472536-2.253789069837051E-14i,-0.5063001622340296,-0.006628127152392481
300800,14.980819927756365-2.886257433886137E-15i,-0.6992151075527672,-0.0024471287045675326
300800,16.27351740857661+2.883819139539331E-14i,7.106538924469006E-4,0.0024574446460900053
300800,17.408071443201056+2.5137776196838347E-11i,-0.0035438303023712136,-0.38836506785843106
300800,17.450308491232423-5.434991797842737E-12i,0.0017058980688415988,0.6125863278674327
307400,12.515950071092094-7.438626938761053E-15i,0.003160566364911372,0.49917947186939216
307400,13.016324363029726+1.4581085705025138E-14i,-0.6126791177707814,-0.004095936652080993
307400,14.440971824154783+7.002419469255678E-15i,0.0032609299948740326,0.5602345566177998
307400,14.54392346582341-4.4301163954452956E-15i,-0.0032023026913601906,-0.593544698420774
307400,15.186617303206567,0.5762255010290579,1.2310791789280648E-4
307400,15.212968789652646+4.197962421597228E-15i,-0.29062150870791537,0.005035762601649747
307400,16.505677729924496+9.137964917275699E-15i,-3.349977299779242E-4,-0.002177862630629576
307400,17.641715149858346-3.034963070786824E-13i,-0.004291303947703143,-0.6324830281759298
307400,17.68248414811485+1.124189410950872E-13i,0.0012717528829765431,0.5808885812159051
314000,12.748096564431895+1.5611131798539196E-15i,0.0031622497135274457,0.49959676843452006
314000,13.248482892695211-3.3109118253872184E-15i,-0.4993934354584126,-0.005252687263168898
314000,14.675379112982162,0.002610128129784719,0.44931675428696405
314000,14.77607963342538+1.854615828479785E-14i,-0.003125315623015119,-0.5819333980008129
314000,15.419791699543248+1.4276914169126477E-14i,-0.07562198086197304,-0.005818384770214178
314000,15.445117840048711+2.8780176986842528E-15i,0.6449361984749852,0.005939233274846591
314000,16.737837656171063-9.607613999823101E-15i,-0.0023626887934269022,-0.010960227471896193
314000,17.875322690359205+1.5810209039797003E-11i,-0.003035466934540239,-0.274538518699379
314000,17.9146591743365-5.316029904362401E-12i,0.001355593517029968,0.5869930093061432
320600,12.980242967347165-8.181305920465002E-15i,0.0031804891754900135,0.5031175304953275
320600,13.480640995998794-1.4057514267557619E-14i,-0.5589883968045233,-0.004728825484709969
320600,14.909715671314018-9.035119856778095E-15i,7.28540133611135E-4,0.12750715436583762
320600,15.008235494185875+2.590877372896585E-15i,-0.003619975998624282,-0.6542254572599799
320600,15.652935210766135-1.2694226822866331E-14i,-0.37616196149868064,-0.006734000310983297
320600,15.677267096344883+4.2534978884182445E-15i,0.21691797933650922,0.007721249969719002
320600,16.96999720112032-3.456174022763264E-15i,5.3237628156794936E-5,9.51944045202976E-4
320600,18.108895360789838+7.59025123357282E-12i,-0.0041581010758318885,-0.565739636707158
320600,18.146833590426287-1.3251562431049189E-11i,0.0018541234867331647,0.6219494602893879
327200,13.212389283806955+1.0279011806197796E-14i,0.0031655695457771383,0.5004125093554205
327200,13.712798690883325-4.579797027834912E-15i,-0.6728348611306566,-0.002936126806003025
327200,15.143984778494657+1.176724368592641E-14i,0.001543901454510295,0.2675400334676982
327200,15.240391059496183+1.626330843826778E-14i,-0.0033055463055936883,-0.6088973963664129
327200,15.886049164520585-2.6788751618967896E-15i,0.5027650825491474,-0.0010222574949953246
327200,15.90941657758576-5.227193655662993E-15i,0.6855555976907496,0.001662956647391534
327200,17.202156377937587+5.6412794208995524E-15i,-0.0035816676694737097,-0.01590841853552419
327200,18.342434395481536-4.2315583563608017E-13i,-0.002545925645972384,-0.17552948409301475
327200,18.379007416230863-1.55266579552887E-13i,5.442399359914782E-4,0.5197830036390747
333800,13.444535517549554-8.95917800078089E-15i,0.0031275283958535727,0.4933769450828226
333800,13.944955994293405-6.895857828721122E-15i,-0.6196311716574594,0.0019727890739252214
333800,15.37818951329626-2.7249310816532743E-15i,0.0012647194807390509,0.22006151953773187
333800,15.472546340199989-2.0256436794179296E-15i,-0.003320357212378829,-0.6110763797326623
333800,16.11913480868181+9.85353270863364E-15i,-0.2564682679039095,0.0036805034128780637
333800,16.141566304682808+9.408350150096989E-15i,0.4998334750340761,0.007322226236808898
333800,17.434315199185463+7.675083213573816E-15i,-0.0027005067045882797,-0.012378431476741348
333800,18.575940970698056-1.6860077152523887E-13i,-0.00338097045934407,-0.35324071347419866
333800,18.611180670953164-3.52739807996152E-13i,-4.8243528470934917E-4,0.41942702625948275
340400,13.67668167209893+1.6850341879268796E-14i,0.00317444668741304,0.5022590419275208
340400,14.177112922244298+6.3565722237473254E-15i,-0.575484938062622,-0.004538030145519045
340400,15.61233276908753-6.5651889398456545E-15i,0.002435265906787189,0.42071246988349925
340400,15.70470134662673-1.2608555389671243E-14i,-0.00360021306525339,-0.6514281195041988
340400,16.352193316664582-3.43625283769778E-15i,-0.3843530818153489,-0.006790900078529108
340400,16.3737163006709+1.647278350408672E-14i,-0.12403173455022698,-0.007440273906504584
340400,17.666473676858338+1.7405847646983206E-14i,-0.0018567548738771021,-0.008803488404346813
340400,18.80941620800404-1.8485773012205167E-13i,-0.0032780539441261197,-0.33061799229591377
340400,18.843353373273576-8.068060500519424E-13i,0.002569147868124609,0.6634254421085009
347000,13.908827750780318-9.772211049566551E-15i,0.0031598337033994527,0.4996028053354719
347000,14.40926948988501+7.539363143433547E-15i,-0.48728574205433767,-0.00529695042893917
347000,15.846417267639728+2.717609183824872E-14i,0.0025754011274525374,0.4449608355768706
347000,15.936856088621864,-0.0031831597110206092,-0.590602040907232
347000,16.585225792221127-1.1694848186195E-14i,-0.635934869300404,-0.006000187602436759
347000,16.605866591005988,0.6067428818707318,0.006446057102003791
347000,17.89863182241447-7.958930417357053E-15i,-0.0024700900814710438,-0.011408001543420152
347000,19.042861177358347-3.9824222453916836E-13i,-0.0031975443840185033,-0.3135381326523566
347000,19.075525541354114-1.3404140222913178E-12i,0.0013802492036608686,0.587568630308748
353600,14.140973756733763+1.0191904331905784E-14i,0.003119095975610015,0.4920550716431321
353600,14.6414257115562,0.21167369802811173,-0.0055842353971760185
353600,16.080445571713156-2.5931316315170435E-14i,0.0021365168689089706,0.3702340324918504
353600,16.16901057557553+1.2233258821525634E-14i,-0.00374371906636455,-0.6133867588110375
353600,16.81823327376413-1.578986351880519E-14i,-0.6723085549961628,-0.005509533992072432
353600,16.838017203911345+2.891979901024399E-15i,-0.40258318590512887,-0.0076017344478136635
353600,18.130789646805436+4.534785797044871E-15i,2.1638172632054898E-4,2.0090626707801884E-4
353600,19.276276900021454-1.894154369542372E-12i,-0.0014168963666057683,0.029932964199883037
353600,19.30769719290448-1.4464474488464093E-12i,-0.0024881740397105375,0.16993843550692136
360200,14.373119692927014-6.372225378225178E-15i,0.003158333710907875,0.49948490044777605
360200,14.87358160084347+3.8770979432763525E-15i,-0.5078724270555802,-0.005133675232324651
360200,16.3144200965467-4.565752859669532E-15i,0.0026588081413754924,0.4597702062724523
360200,16.401164816448663+1.4754825169010517E-14i,-0.0031025841287658238,-0.5784214452491567
360200,17.051216738247053-3.3473990501025157E-15i,-0.5559954729961886,-0.00657105467289491
360200,17.070168170782086+1.2510269640699709E-14i,0.6379772386127673,0.00599622335220882
360200,18.362947160503918-8.785610551684027E-15i,-0.002305579633766603,-0.010712401123235103
360200,19.509664351255886-5.255435083986997E-12i,-0.003125809860808259,-0.29966936595194216
360200,19.539868345236922+5.212917453837677E-14i,0.0015043315108136024,0.5962283205415629
366800,14.60526556216741-4.423049299812151E-15i,0.00316337574642809,0.5005088014764728
366800,15.105737170626801+1.6493026251295717E-14i,-0.598710320064798,-0.004247288500127689
366800,16.548343120362688-6.42379433328775E-15i,0.0021683046790364918,0.3762405631071765
366800,16.633318819797772+5.679560909557307E-15i,-0.002513044251313054,-0.48693396831963603
366800,17.284177104627236-1.5198477286466975E-14i,-0.1182049360364893,0.004893177758603009
366800,17.3023195266587-5.045091902491518E-15i,0.1565984204834967,0.007420515078490928
366800,18.595104373529846,-4.0053990246933824E-4,-0.002516812653821514
366800,19.74302446283088-3.88691172250027E-12i,-0.002645093660646124,-0.20060425080945268
366800,19.772039015323262+2.708909647322779E-12i,0.0032379141404657503,0.691417379936656
373400,14.83741136711213-1.6105099491740032E-14i,0.0031622857727212307,0.5003798812878426
373400,15.337892433125669-1.8217954297723755E-15i,0.49993846114817175,-0.003517946280069729
373400,16.782216793982368+1.09046112443276E-14i,0.0018605056255883647,0.3238757465302554
373400,16.865472593797666+8.302657433326858E-15i,-0.0017205831202011534,-0.3593168541682174
373400,17.517115236928976+1.2207434332740989E-14i,0.10389752662692203,-0.005022012048741389
373400,17.53447131078559-5.425966328955528E-15i,-0.43239826701427586,-0.0074603107762589455
373400,18.82726129547478-5.8360487155514075E-15i,-0.003383593966117702,-0.015134719051196925
373400,19.976358125360434+6.280452500025598E-12i,-0.00100558467217158,0.097343637572763
373400,20.004209219857614+4.57953660200447E-12i,-9.448306816716805E-4,0.3654350174479083
380000,15.069557110278735-9.56674330757583E-15i,0.0031362898761742894,0.49557914214408777
380000,15.570047399941009+1.5588969652104114E-14i,-0.3722249074316533,-0.005849049484221884
380000,17.016043149640872-1.2976231299938203E-14i,8.190894029919345E-4,0.14578314526909034
380000,17.097626146263263-1.8389110037671422E-14i,-0.003467209206676055,-0.6324544785328845
380000,17.7500319469192+7.988458244887833E-15i,0.08472505979499607,0.006121339007370543
380000,17.7666235672701+8.14013715634727E-15i,-0.5279588118222556,-0.0070353845177387525
380000,19.059417935524056+1.4687453059121278E-14i,-0.0034208367427862067,-0.015273325293852353
380000,20.209666190457433+6.044809748807915E-11i,-0.0036036042179881096,-0.41262600471580335
380000,20.236378975309982-2.0887123992419755E-11i,0.0011442436459486059,0.5677332956351381
386600,15.301702794053785-7.453190186575748E-15i,0.003144073375582883,0.49710853904182545
386600,15.802202082094151-2.6868296196601585E-14i,-0.5536699243036953,-0.004722671634700615
386600,17.249824109077164+2.2942984011371273E-15i,0.0030391312887354744,0.5256171612450552
386600,17.32977948466931+2.056600133721086E-15i,-0.0035295748772657767,-0.6413817080653352
386600,17.98292799640008-1.490649768856681E-14i,-0.3886278880048717,-0.006939090587879997
386600,17.998776345865068-1.3924599172418964E-14i,-0.22389201412157997,0.005288738672249176
386600,19.29157430247881,-0.001464257951450821,-0.007132083103016955
386600,20.442949472901038+5.101807899684652E-11i,-0.0034478990551709363,-0.3764914084501711
386600,20.46854829808143-2.1530237023823387E-11i,8.352978142753885E-4,0.5418306771001629
393200,15.533848420701656-7.73658014688122E-15i,0.003137163720217491,0.4958825077571232
393200,16.03435649006253-1.7539776858802344E-14i,-0.5675792510570319,-0.004581235529200208
393200,17.483561490968704+5.9031735385676276E-15i,0.0033043722120851917,0.5709455801619787
393200,17.56193261616906,-0.0026378841169615976,-0.5065979119864539
393200,18.215804099114465+2.087035261906888E-14i,-0.6916444398840527,-0.005078663201645567
393200,18.230929702900916-2.89264635751923E-15i,-0.6771865946887279,-0.005136034351822343
393200,19.523730404775772-4.183861167538069E-15i,-0.0036179811696619075,-0.01572544915022536
393200,20.676208752261367+6.236715764450229E-11i,-0.0032149783673139833,-0.32485430483755184
393200,20.700717204449045-3.8635429006834185E-11i,0.0034455114406257564,0.6972967839686345
399800,15.765993992372024+1.3375373901394984E-14i,0.003151375614138853,0.4986135690693485
399800,16.266510633812985+2.4521993868643095E-14i,-0.3270468626652208,-0.005969606574256976
399800,17.71725701777144-7.172459136978973E-15i,4.766359506589367E-4,0.08780683054806528
399800,17.794085547611893+6.070933718144999E-15i,-0.0040196742229546166,-0.7033871082062513
399800,18.4486609222525,-0.2894225532816746,-0.006887238569057903
399800,18.463083702401963,-0.6889336928949734,-0.0019592131254019818
399800,19.75588625050561-2.384929150503626E-15i,-0.003499098807221781,-0.015553313124525743
399800,20.90944477490971+8.742989091357186E-11i,-0.0010647306710997821,0.08270995614583429
399800,20.932885710793713+2.5151116524358304E-11i,0.0030874403121806757,0.6855019331910932
406400,15.998139511107203-1.1092156642381162E-14i,0.003152386620357046,0.4988683047405261
406400,16.498664522832478+1.5289436385890952E-14i,-0.409936015396813,-0.005656820502871706
406400,17.95091232202111+1.031787266774347E-14i,0.0023481303382748633,0.4084702797698521
406400,18.026238285559554-6.464677641993242E-15i,-0.0029629597029751896,-0.5570847416670512
406400,18.681499087535936+1.2487340167750506E-14i,-0.5167384702910152,-0.006838554419781279
406400,18.695238417427092+3.3719216955541865E-15i,-0.38495903206917786,0.0036349413048734486
406400,19.988041847430978-9.449376058783164E-15i,-0.0023307888640108267,-0.010813886295085477
406400,21.142658255469996+1.2619687505262414E-10i,-0.00331069461336329,-0.3490480831137522
406400,21.165053833591102+1.6218691942693277E-11i,0.0016055965545886727,0.6014328153372144
413000,16.230284978848847-1.4363757675451838E-14i,0.003032403272499753,0.47651246254193774
413000,16.730818166156993+6.207446155637259E-15i,-0.06414778288605068,-0.006177417022503465
413000,18.18452895214361+6.832344789517792E-15i,0.002393381943052772,0.41641817300304823
413000,18.25839083630173,-0.0034485332123630652,-0.5530760071411015
413000,18.91431917184481-2.3891223718343055E-15i,-0.14003220315815199,-0.006527796966629434
413000,18.927393931689167,-0.4754894467727448,0.0024919147453844074
413000,20.22019720300292-1.7301958104999744E-14i,-8.84733835978326E-4,-0.004647455091820141
413000,21.375849878287173+1.2667656423753133E-10i,-0.0015553070403322416,-0.005095237647707731
413000,21.397221589651892+1.3742670472184E-11i,0.005347493549606287,0.5094868254932535
419600,16.462430397443914+2.379369789486694E-14i,0.00313853382071464,0.4963955818492491
419600,16.962971572397873-1.756994266878571E-14i,-0.5084445452583333,-0.005070424165703954
419600,18.418108377819056+2.3315160243796074E-15i,0.0023409357438132104,0.4076823465172587
419600,18.490543205870015-1.0518194963668805E-14i,-0.003354789649668096,-0.6160422818211467
419600,19.147121707334403+9.89051738831812E-15i,0.6535692772586026,0.005879402257403573
419600,19.15955034151887+5.092183242246904E-15i,0.6993769299861131,0.0026455695549720574
419600,20.452352324376157-2.3716508709638816E-15i,0.001888314534318737,0.007564283783252862
419600,21.6090202987924+2.0582389379463435E-10i,-0.004287850867963441,-0.6662796546139365
419600,21.629388996190382+2.0731612157057965E-11i,0.00150271169786381,0.5931135963885794
426200,16.69457576865045+9.23226188485195E-15i,0.0031763456314470267,0.5035517643578163
426200,17.195124749766496-6.897639000446954E-15i,-0.3197394393556655,-0.005952231043481355
426200,18.65165199494015-8.672771204836169E-15i,0.001090739986635783,0.19404064984686628
426200,18.722695400052153-2.1582013387163597E-14i,-0.0040840021041300785,-0.7068026286562439
426200,19.379907180975056-8.914121597895598E-15i,-0.18477254850801386,0.004744001464236182
426200,19.39170775825682-2.2613910832384675E-14i,0.6156225099826215,0.006136968682926785
426200,20.684507218424294+1.1500115854254385E-14i,-0.0018830180078258853,-0.00892496355451338
426200,21.842170145415096-2.4260408125273893E-10i,-0.0029490382309756056,-0.2755821535769932
426200,21.861556071107348-7.856950589609148E-11i,0.0014118825584907586,0.5858240097805926
432800,16.926721094143225+1.1138318807172295E-14i,0.0031870576713233442,0.5056242213931508
432800,17.427277706097602+4.845247713750829E-15i,-0.6980107535477663,-3.9264549243203927E-4
432800,18.885161130198306+2.430318019042139E-15i,0.003553399304721687,0.6142090857596564
432800,18.95484742440356+9.803507257669905E-15i,-0.003048663024338863,-0.570177273912311
432800,19.612676033417515,0.6891945257620183,0.005188414464732603
432800,19.623866311179924-1.961395216697572E-14i,0.6847532727384087,0.0018886635901344802
432800,20.91666189175261+1.7000302618969854E-14i,-0.0033625675312692785,-0.01501550741613492
432800,22.075300018791385-1.7984874944883592E-12i,-0.003018806873021623,-0.29230600585984123
432800,22.093722832970904-5.988676183481947E-12i,1.0913532125163522E-4,0.4711807015020076
439400,17.15886637551814+3.2890800280067676E-15i,0.0031546209980910984,0.4995873132219536
439400,17.659430448870324-4.940392343693235E-15i,-0.46698546686503867,-0.005324606434812057
439400,19.1186370453318,0.0025202570625438387,0.43888127670146204
439400,19.186999284260487-3.2937115330362074E-15i,-0.003067445708937553,-0.5730332908069895
439400,19.845428657064026-3.668951535943049E-15i,-0.4097760796187892,-0.007176389519386108
439400,19.856026151097208+2.4662435147897952E-14i,0.6354290966325511,0.005841672861492913
439400,21.148816350712217+1.5510983849061552E-14i,-0.0022419043350593647,-0.010438576523835997
439400,22.308410495551694+6.497400859494097E-11i,-0.002996968189422461,-0.2898393036978757
439400,22.325889301769923+2.6179939508965152E-11i,0.0012327406423545382,0.5707908521287643
446000,17.391011614297064+1.0192592171068868E-14i,0.003176466744751308,0.503745465752776
446000,17.891582985228585-1.4436899272526158E-14i,-0.5133964134408158,-0.005011262979405227
446000,19.352080941063583+7.789081603084136E-15i,7.744016693617103E-4,0.14042649310564836
446000,19.419150984750242-7.871429669340691E-15i,-0.0030763212081156796,-0.5743805822090667
446000,20.078165393183564+8.31285429099354E-15i,-0.3900054091756069,0.0029842866858022085
446000,20.08818745478521-6.115626545373387E-15i,0.4690162891841623,-0.0022730893800508383
446000,21.380970601411168-1.737172070804161E-14i,-0.0033862230089935223,-0.015099198425166464
446000,22.54150212691449+3.5174417542627814E-12i,-0.0015139748386867598,-0.007395365177622787
446000,22.558055498640723-1.1888380524606467E-12i,0.0010356278823020198,0.5540529987555485
452600,17.62315681193225-7.015452999081443E-15i,0.003154737920222007,0.49971839179060246
452600,18.12373532199943,-0.6650271026447208,-0.00312343741921321
452600,19.585493960754967,0.0018782354857872973,0.3296533226454195
452600,19.651302530802447-1.1602184920878365E-14i,-0.003664791069650327,-0.6602182150800843
452600,20.310886527865257-5.289344192510203E-15i,0.08380030821558249,-0.005664656902028177
452600,20.32035043047744+5.910246180182423E-15i,0.4258023735433419,0.006963236048494396
452600,21.613124649726878-1.3434214141333842E-14i,-0.0036743545716767883,-0.016012562867973326
452600,22.774575440072383-2.9720536168720826E-12i,-0.0026007193586415752,-0.21352218600822323
452600,22.790221446926274-6.558249441664462E-12i,0.001609555595800934,0.5985413605552968
459200,17.855301969810004+1.0858999399000849E-14i,0.0031019384606963195,0.4898788585214093
459200,18.355887465710598-2.9042776658061085E-15i,-0.6496886393682251,0.0012004441635742973
459200,19.81887719379969+2.7480988520387326E-15i,0.002696334400714858,0.46942234432690844
459200,19.88345392715837-3.6256488679904875E-15i,-0.0036054656049432973,-0.6520049521156214
459200,20.543592286549963+4.2648495931730636E-15i,-0.6871943881808081,-0.005291466839859962
459200,20.552515324676897-4.041558169012951E-15i,0.37568323863046904,0.006935569045407577
459200,21.845278501316002+2.2340867134178703E-14i,-9.738136943319652E-4,-0.005050449370383703
459200,23.007630939223432-7.323277230964077E-10i,-0.003951998737022415,-0.5267169750290238
459200,23.02238717249674+1.8861485496662678E-10i,-0.0026335378333181433,0.13017533817616248
465800,18.087447089254546+3.733349378284141E-15i,0.0031355463508669747,0.4962222794849889
465800,18.58803942260679-6.5196531313925544E-15i,-0.3046382269887839,-0.005938939417483392
465800,20.052231678778572+9.736811486583784E-15i,0.0016033819163440938,0.2830182479226782
465800,20.11560517838061,-0.004084382809097543,-0.6937464105880107
465800,20.776282826813894+1.1704940680622284E-14i,-0.12014388117092059,0.005538868137955857
465800,20.784682430628358-9.37067681099828E-15i,0.31436276991354695,-0.003661344239282138
465800,22.077432161625875+1.7848730510264783E-14i,-0.0016940524546203114,-0.00812843852973007
465800,23.240669103972923+3.3836421277500515E-11i,-0.0017054820932971757,-0.049913064565207256
465800,23.254552703721046-1.246129198554268E-11i,0.0013663267518622176,0.5786586440736967
472400,18.319592171531546,0.0031563050569061554,0.5001661289306033
472400,18.820191198664805+1.1001774031587565E-14i,0.08683330731604069,-0.005797893618161005
472400,20.285558406395673+5.057176765286547E-15i,0.002645379290949364,0.4610777675365269
472400,20.34775628886199,-0.00393001418273756,-0.6941184796359365
472400,21.008958229005916-1.302279224093775E-14i,0.7080382070637378,0.004390465298364154
472400,21.016852098851235+6.0314202128091215E-15i,-0.667969894138783,-0.0015698641013214706
472400,22.309585635903012+1.7348665437071373E-14i,-0.0036715949162819724,-0.015946622857137736
472400,23.473690392547418+4.563332920209549E-11i,-0.003211197110648917,-0.3504318630244528
472400,23.486718074395192-1.7372763385697872E-11i,7.162235080749535E-4,0.5228215848145527
479000,18.551737217851148-3.965934764531544E-15i,0.003163464461895666,0.5015591952010606
479000,19.05234279960808+4.801935458264047E-15i,-0.5000102824638918,-0.005080219404775092
479000,20.51885832221152-1.2732495049385651E-14i,0.002096243772106353,0.3676057728565896
479000,20.579907262833572-8.204542559142456E-15i,-0.0033927974866215013,-0.6215765835595756
479000,21.24161848426935-8.66360135792924E-15i,-0.3614592042091381,-0.007449340298113628
479000,21.249024750210182+2.5773593956749092E-14i,0.5299787953711704,0.006390567593385058
479000,22.541738929202957+4.312461651124643E-15i,-0.003397859127596128,-0.015126610952650943
479000,23.7066952367561+1.336739041972377E-9i,-0.002041665496270319,-0.11899158298172459
479000,23.718883323123688+1.2229241027706896E-10i,7.212698424639905E-4,0.5220846683583901
485600,18.78388222937122,0.0035421745853633445,0.5738979683850622
485600,19.284494230919616-1.3664284817486175E-14i,0.36661852784118004,0.005737436717551774
485600,20.752132329191667+3.2928155026900797E-15i,-0.004109330151547108,-0.7062567675815643
485600,20.81205810437274+5.127935434095582E-14i,-0.0013792399781766586,-0.3033524918172901
485600,21.474263479436424-4.036213729833676E-14i,0.7115294640572984,0.004030465498326416
485600,21.481200892045056+7.552415232520167E-15i,-0.24451856405977473,-0.0063640507222916115
485600,22.773892046399023-2.897466586048527E-14i,-0.0028330472491377694,-0.011794585943499428
485600,23.93968404947616+3.922838654438696E-11i,0.004211983766309843,0.6352097992067433
485600,23.9510484960005-2.2325633737092264E-11i,-0.004123772711635765,-0.14197235054674098
492200,19.01602720719976+6.308206760288269E-15i,0.0031787312291951956,0.5045224279992937
492200,19.516645497854707+1.2455390379374542E-14i,0.39094434344083817,0.005641370379637266
492200,20.985381290083815-1.7083546308710918E-14i,0.004088134683147174,0.7020725363556167
492200,21.044208817410688+1.699829978890807E-14i,-0.002313308062332069,-0.4552569248108471
492200,21.706892978292643-1.2260443324946777E-14i,0.6155540487437074,1.1069649344782812E-6
492200,21.71338113786127-4.5600367211994185E-15i,-0.5419465286914419,5.577231881300481E-4
492200,23.00604499219009-9.32910783610218E-15i,0.0028707863756239935,0.011962595364511407
492200,24.17265720880128+7.59162784302449E-11i,-0.004218367123697377,-0.6447950748810732
492200,24.183213649251954-3.886627256119266E-11i,4.956973734708951E-4,0.4981722605572403
498800,19.248172152398226-6.491767654822165E-15i,0.0031767708719616927,0.504199258985604
498800,19.748796605452586+2.078608117093989E-14i,-0.70118310056538,-6.736811596695898E-4
498800,21.218606029637133-7.991153987264353E-15i,0.0016567832600200873,0.2929832963761909
498800,21.2763594057392-1.3950258034747735E-14i,-0.003982493047301836,-0.6997541265927868
498800,21.939506598883813+1.0203885206381198E-14i,0.28342408794393725,0.007522253207696313
498800,21.94556623091943+7.590890752159186E-15i,0.6776154435707724,0.004921999136721317
498800,23.238197771108304+1.022383932354498E-14i,-0.0024778283152886043,-0.011416699876566206
498800,24.405615068924604+3.78373677668484E-11i,8.72147190655331E-4,0.3528714632980213
498800,24.41537885261789-3.128960608131462E-11i,0.00153540608366048,0.5865709358786662
