% Model,Cyl.mph
% Version,COMSOL 6.1.0.282
% Date,"Jan 26 2025, 04:13"
% Table,Table 2 - Global Evaluation 1
% scale,Eigenfrequency (GHz),mode_volume (1),mode_char (1),ooo (1),ooe (1),oeo (1),eoo (1),oee (1),eoe (1),eeo (1),eee (1)
4.1,3.361739663775344+4.549987280243446E-6i,0.30409082949743604,1.5329223480561471,-0.031666996084149884,4.143040274040756E-4,7.419126251484575E-5,0.0014350514636853812,-7.97216837656415E-4,-0.12449272735481179,4.3340648775384464E-4,-6.160277302883409E-4
4.1,3.69511608851884-2.852730239008327E-6i,0.419441168712693,1.4826913790420972,2.4797749990037107E-4,-3.2695459889061984E-4,0.01283979894339233,0.002222740613136314,-9.385548189771509E-4,1.6392645822717466E-4,0.003658443585394497,-0.09550648814224712
4.1,3.903436423005702+1.6231553924072108E-6i,0.19089494018882702,1.780225553241312,4.0750707837681495E-4,-0.006883729206138637,-1.884902235482681E-4,-0.01743085411093463,0.05515062568428271,-3.207451499786753E-4,-0.07537364469504144,0.0011757339008062132
4.1,3.926393867391758-1.7792289678858576E-5i,0.1355181087501041,2.0328972209066944,1.549252900840431E-4,-0.06004311059510726,-1.4949407605009633E-4,-0.02105376262473954,-0.01177419386016436,-4.405693223215309E-4,0.004250846657869794,-0.004869550217466433
4.1,4.01079348141866-1.371923665069504E-5i,0.29785082112010175,1.3432587812206032,-6.934515119927199E-4,7.498125400505819E-4,0.001036886816123602,0.009022380916501312,-0.001636054469527459,-6.756420557484177E-4,6.80429335473587E-4,0.10871635713133876
4.1,4.368785922916378+7.724718019854113E-6i,0.28980930726083526,1.686344940710613,0.0012819857511445361,0.0052819490190958,0.00336108335886521,8.909930786673752E-4,-0.06930250569243174,5.609006984690576E-4,-0.11133890763889813,0.002281425916572006
4.1,4.466300821355725+3.401923612358834E-5i,0.22406935700923633,1.8054141442477574,-0.016735847362099425,0.41943688475970403,0.004942214268127413,-0.002985189740105994,-8.584349955088522E-5,3.683218157606773E-4,0.003328336516423906,4.4188100035415386E-4
4.1,4.624002832695574-1.2790224488635887E-6i,0.15822515053162378,1.955385127274856,0.001844154577806998,0.010835318586043589,0.022230870743969913,2.626401608587098E-4,0.0031294181015460634,4.5229513106445045E-5,-0.010256563006792885,-0.07014381590893858
4.1,4.658813068344578-1.7848901119179478E-5i,0.16291637973695627,1.8073034209729055,-2.5415579645075755E-4,0.0017158778302469428,-0.022700010340365877,-0.0011975983775573437,0.0098918769395681,9.538804993128773E-4,0.1334186921157877,0.004532466487714847
4.1,4.838506507979692-3.18295453648365E-5i,0.1632209814899691,2.195333709906841,0.4513150027647166,0.015583779526124032,0.0012651439025410417,6.874098608094738E-4,-0.003334404271180083,-0.00556625549253838,-0.001745271690554032,0.0013503257619704033
4.199999999999999,3.3457874286002776+1.1318358805417331E-5i,0.3024177491479146,1.5310138708535546,-0.029395653657009232,-0.0010944636964595673,-1.2297564884396472E-5,-1.459564424116853E-4,-1.618136843577042E-4,-0.13690551804004625,-2.3390864025784103E-4,-3.4723307110833375E-4
4.199999999999999,3.692766076250281+4.6726350487294307E-7i,0.3675857438161171,1.5396178928870847,5.117122324424434E-4,-0.0015852503677834288,0.012730393769747666,4.7328178584297894E-4,8.417219654962841E-4,2.6617919676823133E-4,-3.016809306247689E-4,-0.10368366669242936
4.199999999999999,3.8848776352962826-2.70462153988108E-6i,0.17825616744030687,1.8016907073957267,0.0010204685385591182,-0.010484215774631683,7.93521771672229E-5,0.027791753498966756,-0.039615347137450824,-1.7959105104990635E-4,-0.10363669069456599,-0.0031729501164459504
4.199999999999999,3.8940308401572548-1.622582037869413E-5i,0.12404654191841069,2.0351105526506914,-6.865738946748914E-4,-0.06393775821564275,-6.008507622470951E-5,0.0031014623571843235,0.014348974509239597,2.0286751489203905E-4,0.00812078136315995,-0.006378124956793641
4.199999999999999,3.9553928733374253-8.223334737532944E-6i,0.33504382773737146,1.275792049854016,-6.372845831325804E-4,-0.001622809322297549,0.0024077144799303503,0.009215754980744893,7.301002693330659E-4,2.515041767835054E-4,-0.0020652743607339733,0.10520985613478337
4.199999999999999,4.35145194013022-1.1980605574464906E-5i,0.32898908707734226,1.7002524902039762,0.0044461922761342195,-0.0018876923688207457,0.0018309903555492404,-1.3507651759461904E-5,-0.06160386931830906,9.671893153974682E-4,-0.12409040304275175,-0.0014973119204500513
4.199999999999999,4.417626675988728+1.0574711366029786E-5i,0.24688117744210986,1.7991039416648815,0.005724475907566065,0.4408711850721785,0.0018252229620186948,-8.385488592740743E-5,-9.257430264768385E-4,-0.0015848889213086424,7.808667729743485E-5,0.002011448126730664
4.199999999999999,4.588204742335639-7.637198937833419E-6i,0.12422703544582736,1.909603285392784,-6.466227750653193E-4,0.009733797946947849,0.016545618424737306,-1.6149316353633602E-4,0.0079323865139346,4.0860304940830823E-4,0.0577486469577474,-0.06450380776513791
4.199999999999999,4.593391828157778-2.0491250402626173E-6i,0.1310719531024849,1.8093659966379045,-0.0031103502034232075,-0.0044560345001596596,-0.04859176266344167,5.57015227086318E-4,0.004735225561692128,-3.092233618642816E-5,0.12684730951200626,0.034602525594514946
4.199999999999999,4.76797333908148+1.6414171670747373E-5i,0.1815846232829982,2.179361573419074,0.20242390433722895,-0.00619648222579642,-0.001550236024342326,-0.0022005594329960808,-0.0025782471544859888,-0.021906872745415938,0.0012076144948931602,-0.001186647456025787
4.3,3.315394578211043+1.8253217411485347E-6i,0.30441852469806346,1.5434030448810363,-0.030324599409332468,5.200587638715583E-4,-1.3005395680648033E-4,4.7567679075391544E-4,-4.4528002402735546E-4,-0.1307972239616899,-0.001541671427778563,-4.655308380064343E-4
4.3,3.6727244724010735+1.4461285424660125E-6i,0.3197170207150159,1.631217342688203,1.5934899769202155E-4,-0.005883522109886422,0.012373999363691143,-0.004087549011499452,1.6019783270917405E-5,-2.6151953655827E-4,-6.88737627062785E-4,-0.10836484050343011
4.3,3.8406561078039543+9.485949732404178E-6i,0.15581060159552151,2.059025688254619,7.169429793673373E-4,-0.05970593919417221,-4.763052096646679E-4,0.0974383134376005,-0.001328609060668593,-5.515115506756442E-5,0.001106640293372878,4.311314928429667E-4
4.3,3.8491709088823405+1.3533068449859625E-5i,0.22633340417069478,1.8353033595726187,-0.0022148949549726476,7.530073891633315E-4,0.0015233276604637816,0.0018416824690205154,0.07096379392892481,7.488968005993867E-4,0.005156752188120461,-0.0010073914913854448
4.3,3.8953627401090163-9.211174091486397E-7i,0.32777031584459204,1.2075559238448652,-4.151149871864509E-4,-0.003038243440989406,0.004878312080415708,-0.007928302580385127,-0.0035544264583976413,-6.627618361344244E-4,0.003882008771508403,0.09606439138710575
4.3,4.311462236832198-1.4134167978175952E-5i,0.2821070832693701,1.7391240135099293,-0.00417010822695871,0.044276093843486145,0.004537760913530809,6.663717813298369E-4,0.12309721763989631,0.0011904173440370537,-0.08266598814558727,-7.258510866025943E-4
4.3,4.345133428456381+5.691066640918915E-6i,0.200355554213672,1.8265493400701613,0.006487093533969433,0.4242909206025746,4.748426667346245E-5,3.666407864762489E-4,-0.01832173742881681,6.263814561004906E-4,0.0066768106990583225,-4.6859780343686815E-6
4.3,4.514013159503116+3.271172799402722E-5i,0.14589988208758506,1.745624999394321,-0.004777514843104657,7.385346467402914E-4,-0.035941997785827545,-0.0025730333044656196,0.004991884521803106,-0.0014343050646296893,0.13993901115424334,-5.055695472271559E-4
4.3,4.5300879128751745-3.6687223348190125E-5i,0.15198292894876486,1.9696860948426256,0.010317700472417006,0.008679682387904291,0.03557569078130529,-1.4270566058944499E-4,0.002318595873983964,0.00144267912731498,0.0027965168403912633,-0.07243305925511126
4.3,4.669043873427224-6.475953072361086E-6i,0.15570071650663142,2.203765717837545,0.41601650587486977,-0.005739991432720588,-0.006573233741849312,4.201419807441505E-4,0.008458497500486415,-0.005981856429480248,-0.0021005473560173514,-0.0010045232036829301
4.3999999999999995,3.3083629713686915+8.899287813268231E-6i,0.29478369457323306,1.5358609679680424,-0.035629977195972516,6.710431138689649E-4,-3.6322004617279604E-4,2.1460588301204885E-4,-9.757128111660052E-4,-0.11925490958828226,0.0013622836399612389,0.001061819092109323
4.3999999999999995,3.6747870514806484+3.0236872870746267E-6i,0.26697178474635586,1.7176035735578847,-9.173940534622163E-4,-0.0026109729652991115,0.012161662444100687,0.008712950488383619,5.436456176610163E-4,-0.0013770011250829554,3.2422028880827407E-4,-0.12446109121049523
4.3999999999999995,3.8227380921512-8.341375380716347E-7i,0.11820486488694168,2.0455185579522754,0.0020147925305288397,-0.06148584236264953,3.626124669628958E-4,-0.09995527697424668,-0.013443815275753898,3.1906015881652175E-4,0.016476973351470713,2.4943924146143744E-4
4.3999999999999995,3.8413011183628143+2.87194206535183E-6i,0.13999204002644766,1.836424912776903,-0.0014891321324705768,-0.014106256992137158,0.0026409893602199835,-0.016484098677727214,0.060942227259754046,-3.503869719695719E-4,-0.061098843718689504,0.011540470301525493
4.3999999999999995,3.858364578140186-1.1671124082409997E-5i,0.3141871324999952,1.1179368087814723,-8.899288882423141E-6,0.006809435335265899,0.0066189684100986254,0.016969416406084955,-0.00897992398750024,-2.876877329550421E-4,0.006802144675333262,0.08840620980210236
4.3999999999999995,4.302730938423508-1.275034816981854E-5i,0.22646457655255012,1.7658788278348017,0.007076159646743105,0.09077523447338844,0.0060516459940432536,-8.108283515250375E-4,0.12177141705465111,-4.088120528348681E-4,-0.0886792211455552,-0.0036241669199831264
4.3999999999999995,4.316150554153577-2.5959402659404334E-5i,0.1906094786991004,1.8026436026006754,5.696668110902021E-4,0.4017832886580188,0.004069578332776451,-0.0012112306231848657,-0.05242985569805877,0.0013535503224706739,0.002604147631275809,-9.384590117175896E-4
4.3999999999999995,4.466447967759294+2.3047000651195567E-5i,0.1652552730893273,1.6757489970427504,0.0012124429477361638,-0.0030787305430983827,0.010029824880051363,-6.844234226843156E-4,-0.0030430531060496036,-2.719526136923149E-4,0.12131345302358182,-0.00687774137238189
4.3999999999999995,4.508124165166201-1.0503035736805523E-5i,0.18003983403540944,1.9644828852582272,0.007169786775605608,-4.3081174228085974E-4,0.021060139455168315,0.0012816735887101174,-0.002067453111740827,0.0014599003265906992,-0.004220397970101472,-0.0811618283983337
4.3999999999999995,4.618134435941082-5.646673592601211E-5i,0.17843771657101223,2.1611412863806465,0.2783413973884369,0.0015981334053318562,-0.006086910204688567,0.0010004642074598034,-0.004159535186512331,-0.01545922267400596,0.0016313008888461191,-0.003248657727889953
4.5,3.29063985476157+8.282689393337675E-6i,0.29609267659591276,1.5401496903345662,-0.03722533149917059,-0.0023756886637542373,-1.67285451255799E-4,-0.0014401055344627847,-4.0603868008654573E-4,-0.12067141672401108,-7.921889713189015E-4,-3.980921944141117E-4
4.5,3.6575128301670623-3.5408530612679438E-6i,0.22993298780535837,1.817119540423772,-0.0027880262500129495,-0.005640706659827797,0.01029269963569793,-9.496712243227849E-4,0.0018149792693796054,7.521844871972999E-4,-0.003103775857192448,-0.13379831888918334
4.5,3.7898434580338907-5.070687204383869E-6i,0.14217756176091145,2.0746030301052927,-7.780129281966711E-4,-0.07400981232431401,1.0377018359445601E-4,-0.03615912269644057,0.003736235623651203,2.4309420380689049E-4,0.0017877132462299564,0.0016742679525081966
4.5,3.8155230572850933+3.080781045518712E-6i,0.19382564392320203,1.6687894672572063,0.0014348416361185618,0.004891858632189593,0.0034800879678540484,-0.007189336505926989,-0.003940765635391863,-0.0016104708275331409,0.1199615554112747,0.031920240681824634
4.5,3.822826955971295+3.2672480924246394E-6i,0.2599448587038934,1.2234916958924498,-0.0017384028379087686,-0.0029913820477431717,0.008089767081522288,0.011989813728968214,0.004138124773485847,7.662997654019868E-4,-0.06966942445146582,0.06531817302927928
4.5,4.266226656437268+1.0282872221608157E-5i,0.20368873229433931,1.817754349893089,0.007769915412896326,0.42254976142646233,-5.335072924947143E-4,-0.005157671743921782,0.009255508515141007,-0.00606984644853427,0.02095864248395289,1.8049090390566896E-4
4.5,4.279255164384461-1.4923554636327614E-5i,0.326437394498291,1.7815841275714575,0.005674187662516255,0.059009105127970016,0.004472902649136117,-0.0020548378560912724,-0.07376010512965403,6.363316342867485E-5,-0.14910765500991618,9.823404642023148E-4
4.5,4.416732566177892+2.7754114526670413E-5i,0.15118078484674768,1.627601471753707,0.0022100341726443823,0.004504950742551005,0.015714130673807124,-0.0020393105415888353,-0.004693564008220657,4.6724021295234153E-4,0.07348925388001441,-0.007778712325343273
4.5,4.471139982538739+8.562417892041414E-6i,0.1811262835125668,1.9643538990552205,0.003535529597876055,0.003933203580960283,-0.004418527931654067,-5.734301107493408E-4,0.0065816274924172,-6.303583748954598E-4,-3.8985591945866176E-4,-0.08443640002420257
4.5,4.546231267146961+4.082988384424932E-5i,0.1596515233209173,2.15420994712142,0.3704742103657617,-0.006929407799770447,0.0021508200708376325,-0.007759070231900141,0.004140135063098889,-0.01093192128178344,-5.707271080157113E-4,-6.450441211612992E-4
4.6,3.2837442400480543-2.0550491521198703E-5i,0.29390148164881646,1.5328357074174639,-0.03323028180565162,-2.2572807448772552E-4,2.550648747538827E-4,8.304735118073096E-4,-6.401871216993152E-4,-0.12505575544792552,-2.0378300202116925E-4,3.586559210773316E-4
4.6,3.6463634200026465-2.248598314567126E-5i,0.19724446880817925,1.8900763760536703,-5.140657851073203E-5,-0.005395546303393098,0.00894876630647802,0.0018707366943322757,-7.464567746072069E-4,-3.0598289728624964E-4,0.002609811851995598,-0.14596335960855297
4.6,3.7732491053574257-1.7688375715006976E-6i,0.15275392390932074,2.073710941116848,6.074534760958734E-4,-0.08074169241460442,-6.488709744027321E-6,0.01355718395403006,-0.0014872025571347018,1.2872674529112294E-4,4.662823752238843E-4,0.0015199135738165899
4.6,3.797941445996424-8.633141475199989E-6i,0.3178489996158451,0.8988141446676043,5.008684502854616E-4,-0.0034234723704959337,0.011070692546860684,0.0029049484172482564,0.005429076886581064,1.5401911191947963E-4,-0.0023528732400427996,0.055204840139289356
4.6,3.808090501583665+2.217846289944535E-6i,0.19489950521586957,1.8880158057782126,3.4863214112742494E-4,0.0019041810826720452,4.939883383973993E-4,-0.002792599573932932,-0.0663784837227521,-4.5760699137262364E-4,-0.04947556453155881,-8.20177864066626E-4
4.6,4.237710500464433-2.731007351677089E-5i,0.2260230314304532,1.8060147534022968,-0.0012352769985588155,0.4231495950540592,0.0019720789993556333,0.001247050318887209,0.009029532740108582,-0.0015202502823587804,-0.006224722847508563,9.925139024065653E-4
4.6,4.263172763041441+4.908810486951242E-6i,0.26924137707539336,1.7906356600298676,-1.8512783151780694E-4,0.014454710506852606,-2.627065784051653E-4,5.349957430555761E-4,-0.05726375940926918,-1.7551976713021779E-4,0.17867362390344552,2.415859899132216E-4
4.6,4.3866850054676805-1.0021535101523151E-5i,0.18905285309046901,1.5494310335251213,-0.003463336624663946,-3.0344613637895546E-4,0.004524175853577202,-9.48900023122261E-5,-0.022846320736666148,-2.1053943971026723E-4,0.07276200426857414,-8.476769536747905E-4
4.6,4.450574782559267+4.661194622185931E-6i,0.23481272910173287,1.9615048970774884,-0.008348531978606424,0.004727667000911138,-0.05057584376926991,-3.631156594310024E-4,0.002138971474727536,-3.3750572803839524E-5,0.001348539145024659,-0.08440942780798762
4.6,4.494435611268616-4.03404650703578E-5i,0.14320734040822453,2.1116675485152743,0.3114156721966828,-5.681921359994365E-4,-0.003240003835295464,-0.0015095447184315478,0.0027522236486391405,-0.006416705630361805,3.5372348010155396E-4,-0.001173641080786471
4.699999999999999,3.269493502154693-2.729339212556079E-6i,0.2914413180201662,1.5352995370735019,0.018593950352483412,-0.0019545523343653735,-5.179767994314604E-4,4.461676694355037E-4,0.0018498848411173106,0.17044721927629566,5.508956998068571E-4,-9.401081126302051E-4
4.699999999999999,3.622976084176492-9.110558272550048E-7i,0.17940212855662702,1.9181153126298278,0.001381192827516243,-0.007271620299995504,0.0065848869499715666,7.885690602529256E-4,8.159157496467471E-4,-0.0010261077896008216,-0.001047370552771589,-0.15528303099863508
4.699999999999999,3.746785989183687+8.84103462629262E-6i,0.13655121760266545,2.0791461626189567,0.0015945306483179402,-0.08498230471631697,-4.743163707667582E-4,-0.018722028650252666,-0.00597584677567942,-1.7179720224370047E-4,6.147405490200574E-4,0.00625660014065623
4.699999999999999,3.7779617072816425-4.3054783070688315E-6i,0.338042879253421,0.8863486126663284,-1.9010227353636754E-4,2.5038746735569866E-4,0.012983293214997051,-0.004771775994757844,-0.0024320589040350664,-3.0195746565906653E-4,-0.018938133643659247,0.03445853663149571
4.699999999999999,3.790825754028583+2.3212934738283518E-5i,0.17442197202251544,1.9009000748712293,0.004283510859837943,-0.006773136377137678,0.001094651074769111,0.01550797457009367,0.040455579541283135,-2.9937723196512043E-4,0.11859002774330707,0.004189440952610776
4.699999999999999,4.196795235548255+3.1742110557170334E-5i,0.21575471132115237,1.81424452743452,0.004735226241286724,0.42280877261977085,0.0020155296024286485,-0.002167124032714744,0.006097964051295965,0.003655166154967535,-0.012335931944731452,-0.0015687388773260378
4.699999999999999,4.232918861805698+2.731135154311029E-6i,0.24165177110411742,1.7881486073993538,-0.004761096513283774,-0.0323851959163883,5.820260268042612E-4,-0.001174694912309687,0.07515683733049511,0.0011034733685666208,-0.1740860782094396,-0.0018154156148107972
4.699999999999999,4.350794366172127+7.333765172103563E-6i,0.17650841068112905,1.5437516970140048,-0.012545420727708935,0.001041838576309642,-0.010565597557437795,-0.0012279635563523536,-0.019685627833204787,-4.760034810413604E-4,0.059710138857595636,3.9584930557336943E-4
4.699999999999999,4.415105581143109+1.830002280376266E-5i,0.18352564170066787,1.976314985998268,2.774808019646882E-4,0.001211601813024256,-0.01867284652268131,-8.70469496591912E-4,-0.006818377851879946,0.0026899571653791394,6.957890141460344E-4,-0.09054141229513153
4.699999999999999,4.435018495817298+5.0935997251473226E-5i,0.12460770434118525,2.0842730962458287,0.08783806418518149,0.006253967250260546,-0.012738993711948891,1.1989439968335309E-4,0.0026684800104637228,-0.010896560626110802,-1.2882255869609813E-4,-0.015072369679282691
4.8,3.247056213597737-1.3683705181341691E-5i,0.29751807832859956,1.5478075399948295,-0.032286987287242525,0.0010435775338525975,1.7652657233153138E-4,0.001966343504078457,-6.278146489088646E-4,-0.13111475584317553,-0.0010920980551584248,2.892537023907242E-4
4.8,3.584778284272015-1.1841033421007563E-5i,0.1764425372615269,1.9214850598497046,9.240326588825897E-4,-0.0039278020102731775,0.004953240953754615,-0.0020490951860806833,-0.001638426779253328,-2.6795961341568545E-4,0.006108509580867601,-0.15676825122983926
4.8,3.7086072937220314-1.8755706370106378E-5i,0.1498902027046894,2.1003882705359875,8.574596695487424E-4,-0.08234759129277212,4.2807013940688617E-4,-0.03618011896456925,-2.6376290696274266E-4,-5.589341059202652E-4,-9.545207875292351E-4,0.006458592921886758
4.8,3.754953449524679-7.933734783915345E-6i,0.38372656006636424,0.9412113636335121,0.0014888400270272458,5.83690429763666E-4,0.013485473522897614,0.007570292264488934,-0.008439847525928086,-1.5031941607988232E-4,0.026868872689912227,0.019068056667078403
4.8,3.7594571884589225-7.2324365532057345E-6i,0.1904105199175588,1.9284705089895404,0.002679387259801784,0.003571290953838256,0.003184112110850146,-8.52240546445689E-4,0.041038527827640725,0.0015944553050089387,-0.11737257499532146,-0.003720480757199073
4.8,4.143941984143543-1.4091538523761535E-5i,0.19581068976099222,1.8395350895900653,-0.023365154782593624,0.43377880820201276,0.001644825675171608,0.0010519388317333845,0.006027935960834905,0.002227353114286345,9.225294379599596E-4,0.004017337553862979
4.8,4.187450220501562+2.3713696779420066E-5i,0.22011232699706865,1.7781287633988907,-0.011781617514411617,-0.013140862099176254,2.5323078116225545E-4,-3.4674342320110415E-4,0.054955214626116404,-0.0024197177490404252,0.1867322969129614,-2.112253535434414E-4
4.8,4.303652135148809+1.0921782184747947E-5i,0.1745649228496447,1.5794669390237412,0.026213058196349337,-0.002022985942186275,0.001998089321250379,0.0013731118890650971,-0.03701179581655682,0.003264689843949269,0.026327722191340906,0.004699275516803183
4.8,4.3586547772174065+2.4275033675987218E-5i,0.12931391850254417,2.072890517036651,0.14116386482654272,0.008716395973161253,-0.01379923022842574,0.0033040829889744625,-0.005613709761618063,-0.007000275417031665,-2.312284134230851E-4,0.013082124777665466
4.8,4.365640140439799+2.423834917283085E-6i,0.21849157500076563,2.006809329139145,0.044884860462806646,0.011267985391449466,-0.027380706970346367,7.175941178671275E-4,-0.006795161591632018,4.420322002966027E-4,0.0015343288494049608,-0.08940367244731728
4.8999999999999995,3.243673872658505-6.640190227961794E-6i,0.2908330098097599,1.5385163674186797,-0.005680830822464947,-4.5083641065670805E-4,-3.5540906896470027E-4,4.959077841611401E-4,0.0018041377524133705,0.1815930583890933,0.001858758365581474,-1.5922042630008856E-4
4.8999999999999995,3.5605742382396834-9.20101982465502E-6i,0.1733582258157883,1.8824274796139462,4.437213170452162E-4,-0.00655169390528687,0.002341689359154707,-1.508368732569019E-4,1.2934969754087476E-4,-5.501260514368927E-4,-0.00136246520147885,-0.16145050881780332
4.8999999999999995,3.6954485408204913-1.1952953797113974E-5i,0.1513731606580439,2.098286219101965,-4.221518183520334E-5,-0.09052018315671266,-8.446682199376512E-5,-0.04283123310738469,-6.046809287604161E-4,-1.464733790042182E-4,-1.9006967005763465E-5,0.005234851475896362
4.8999999999999995,3.7502234458651604+4.101182429726895E-6i,0.17895860103666933,1.9780791974328436,-0.006435790555930243,1.1142805697383287E-4,0.001941935185210394,-0.0015751481470309564,0.01937734563009387,0.0016447148912641443,-0.15150786375492267,0.0021396618709834223
4.8999999999999995,3.754349921474306-2.6555942614854124E-6i,0.405894369218992,0.9106228388005428,4.6258251326784084E-4,-3.6854356372318644E-4,0.014275955699696386,0.0020842091949447817,-0.0016332932450466254,-5.593927446597772E-4,0.017714697591945692,0.003977296508369257
4.8999999999999995,4.127020506386992+2.2089014723387373E-5i,0.23024439050930007,1.8143846558711567,0.0027279125499468523,0.4170219225855958,0.001160845577300714,6.772634114676385E-4,0.003412814206272147,5.286225511413742E-4,-0.008476337604073743,-0.0015131016571788365
4.8999999999999995,4.163932039884268+1.9260351314568008E-5i,0.2218845658181378,1.7061022816629003,-0.007287143070597331,-0.015073619173283847,5.517611592968944E-4,4.688364008378963E-4,0.13287664395384918,-1.4914493723998994E-4,0.04661655374375738,-7.987031132310906E-4
4.8999999999999995,4.301844875847609+4.299019407987436E-5i,0.201274740199644,1.626488008368659,-0.1011034286539653,0.008647585647150175,-0.0042465651473090355,-0.0022471549497487344,-0.04175883142882513,-7.035594727631162E-4,0.005819176786148518,4.716568496804874E-4
4.8999999999999995,4.311322653379355+5.433545745718986E-5i,0.12835303297610315,1.9497275325432797,0.24928561716344877,-8.54422089415883E-4,0.004679249546975793,-4.7729162657512706E-5,0.00624649688770348,-0.001200896643400902,9.36525532475718E-4,-0.0015935671045977323
4.8999999999999995,4.353333150145648+3.7605116676574784E-5i,0.2454448939315789,1.9923856077400195,-0.0054901333012503575,0.002021870423492487,0.033898285928369014,9.428667498705208E-4,-0.0028672601231264807,0.0010123494026829712,-0.0016067556900609538,-0.094502801555036
5,3.2302732859644503+1.7243416503251763E-5i,0.2856868251309955,1.5369251524468235,-0.044440047298499735,-9.507206266696474E-4,-2.0906088120480038E-4,-5.326287894830651E-4,-0.0011253282010462032,-0.09612606737072957,-2.513118817004285E-4,-4.0670088570816926E-4
5,3.527359653403953+3.0492307769923993E-5i,0.17520382984184935,1.847116663043571,-8.041078837605296E-5,-0.006946055632904722,0.0010922666411549004,0.002091799514470934,-3.9985596231812976E-4,2.823505559762518E-4,-4.1312734085955304E-4,-0.16877997565365724
5,3.672406359487752+7.570975652306281E-6i,0.14379266774843658,2.102717322015683,-7.352147307384673E-4,-0.09480698777305821,-5.833170858273293E-5,-0.024856420701370032,7.113296710556492E-4,-1.882448518944141E-5,-5.878168164497607E-4,0.0032390814532086377
5,3.7313658343257647+6.436298394942225E-6i,0.16063827148625442,2.0047033564823953,8.819394933784302E-4,0.0011380323250432935,0.002859826719735974,-0.0014340033325954036,0.06370352274318948,0.001240508817227107,0.025194745502075254,-0.0020438209545981675
5,3.746258128924436-1.8125338066775705E-6i,0.4395413164582008,0.944119796140246,6.890893147824258E-4,-0.0023075575036060852,0.015069587506051977,-0.0022407426020494784,-0.008907805610927888,1.344967711567702E-4,9.530307043095024E-4,-0.0041843790563178855
5,4.096145436102597-3.5401803242271256E-5i,0.22427275753344447,1.8107649971214426,0.007835263576727534,0.43880294957584404,0.002278053655674195,-0.001795369616636041,-0.0018160203314065493,-0.0020364376160960356,-8.05250935512873E-4,-0.003921702829454698
5,4.130066716491451+3.0046522367732525E-5i,0.2248849872128291,1.6503959109154034,7.154951148082712E-4,0.006569654533351526,0.0023285835561589877,-3.8539753793508374E-4,0.10038140097164125,-3.503189879594213E-4,0.13566494505686524,-1.0337831089128133E-4
5,4.254230729029822-3.676516657355134E-5i,0.11243212151135916,1.9722535645628465,0.1275962658969525,-0.005059093937861427,-0.002292048498569434,-6.147263148174428E-4,-0.0014463266311261747,-0.0017382598493536402,0.001394101405654193,-0.0021205357114346154
5,4.285324809160839-9.437685755001401E-6i,0.16400098166092314,1.5810070519667887,0.023760802309752645,0.002173596359771486,0.014497565791149145,1.3633688261587386E-4,0.06000861185836295,0.0020382176520555083,-0.010932990252743637,0.0025585924990912546
5,4.326668156501305+9.214298248399771E-6i,0.23666475999017075,1.991384218814207,-0.001595892073789993,-0.0035766360459650406,0.056472269950280124,0.0028488922099075397,0.003462985641069646,-0.0013699678874298765,5.0474594465929056E-5,-0.08916246391354381
5.1,3.22144391286909+7.323467945153621E-6i,0.2867441379891949,1.5377953714562942,-0.035565836581482775,0.001165079157877957,-1.7721701268900043E-4,5.941395437538705E-4,-0.00112038796596966,-0.12747259327195717,-9.441372704535536E-4,-6.0795828698721085E-5
5.1,3.498616935422897-5.846440500519814E-6i,0.17763073511173078,1.8096949016399115,-7.073049039237278E-5,-0.005155617360230442,1.5268252841275868E-4,0.0017411329386541948,-1.867314344734457E-4,2.840670765688897E-4,0.0010108686240900826,-0.16258393449809125
5.1,3.653212105898717+9.403666880567957E-6i,0.15441696957178877,2.110647954475941,-3.3973958681225773E-4,-0.09894801428600677,2.842262592621916E-4,-0.017922882410578496,-3.20927523644426E-4,4.89303521080917E-5,4.145293661483188E-4,0.004370143765884277
5.1,3.714743099758093+3.3458627158990712E-6i,0.15949118141138569,2.059550272140047,0.0014789704933078351,0.0015328059885213558,8.811092830568738E-4,0.0017388940713666146,0.025091417099270277,-2.726464761101557E-4,0.15451112834516983,6.004606192601425E-4
5.1,3.7402574512318085-7.487121897627243E-6i,0.47266908622478887,0.9641027143538938,-6.594509531450759E-4,-3.076656935879908E-4,0.016159316247533917,4.3255322487626433E-4,-3.362440528887004E-4,7.709709128185779E-5,-0.002487631124761699,-0.013504728035203705
5.1,4.06504206940722-4.613868651246728E-5i,0.24004577955911136,1.8175383589263718,4.037949097304053E-4,0.42849788690097923,0.0026768381355062347,0.002364628866252058,-0.0025643164800188624,7.58701433005359E-4,7.811693742834749E-4,5.612596182645129E-4
5.1,4.096702233770248+4.048131934024473E-5i,0.23789855084940895,1.609923579852406,-0.004509211379482778,0.006352970399421085,0.0010079786740880502,-3.374646180886752E-4,0.11249060374159578,-0.0014110061653056973,0.10315948926088439,-9.266617716808657E-5
5.1,4.197322521747625-2.2417116057451073E-5i,0.10771839765008497,1.9504385048729094,0.1854821652007553,-0.0016252654262683523,6.350843453310436E-4,4.919859525615823E-4,0.0024831507443177016,3.723374794120791E-4,0.0018516129906801899,-2.89823792424593E-4
5.1,4.26373964358025-1.9383314157749647E-5i,0.18262355435830466,1.608629568080675,0.01861395255536523,0.002064357070054328,0.0011089689541898945,-3.856680804173049E-4,-0.010375325568146352,9.097889293410637E-4,-0.030714947687004807,-5.515270381776841E-4
5.1,4.292230625744729-7.705747327592601E-5i,0.260786949252993,2.0229467113730646,0.0029075080910557615,0.005073368046729112,4.761445518128837E-4,5.609335630944953E-4,0.002118253775654164,0.0011687804024206653,9.288500842302812E-5,-0.1035329068373935
5.199999999999999,3.2085386351746674-1.0661569505517594E-5i,0.2816584945391859,1.548895846959025,0.051923844310221304,6.077703109536546E-4,9.32351655414882E-5,5.5332334010702836E-5,5.72276445236212E-4,0.02370156155665301,5.777009571358672E-5,3.3262022585534956E-4
5.199999999999999,3.4639812350360266-4.141575976606983E-5i,0.1784609915644747,1.7925242963199675,-2.195088030518409E-4,-0.007290134183405934,-6.15051632469934E-4,0.002715556695168398,1.315845105786104E-4,-0.0010942693030994498,-0.0018812243887635085,-0.1677067574000384
5.199999999999999,3.6264804870882914-3.6058319576165037E-5i,0.1374969066809952,2.132755400371418,-4.5407706217855706E-4,-0.1007358336074636,-7.28652430232699E-4,-0.03735549831513576,-0.0021203069441620565,3.994558557606856E-4,0.0012471510811565259,0.0014135296400591688
5.199999999999999,3.6912409584797192-1.4486931522160106E-5i,0.13390995981886786,2.113429750731342,-0.011994020950666736,-7.6621563390599E-4,-0.0016097843914178538,-0.010218491460509273,0.022768213166825733,-4.5508718473613174E-4,-0.16827403785909836,0.002778284047706041
5.199999999999999,3.7396439236823524-3.4440007080387687E-6i,0.4814939316321827,0.9804436756953305,3.217223229081248E-4,-0.005303632840517828,0.014313445887396336,-0.003265488639790805,-4.996969712268919E-4,-3.2407783743473856E-4,0.004164966217417941,-0.017203577737085002
5.199999999999999,4.03240605115072+1.0444679451185992E-5i,0.2052381346885611,1.8363724779388582,0.005323592333086354,0.438973745135747,0.0017774356811171496,0.007111981823601838,0.002096698899586739,3.8148308310338394E-4,-0.0074538931044529685,-0.004600642113936523
5.199999999999999,4.06484757296004+1.190765064652205E-5i,0.26264081378611676,1.5514596475375653,0.004364926451303455,0.008196705679934182,-0.001121343124156493,4.5847499610248983E-4,0.037007417489585075,-2.7320379720289606E-4,0.18484781291246552,-8.575756030854755E-5
5.199999999999999,4.139980803589692+1.2457590292228274E-5i,0.10304350831868825,1.925594128657243,0.199877707024289,0.0015312395156446329,-6.790408729708475E-4,7.9352165121672E-4,7.360809110379639E-4,0.0017763166439550108,-0.0058128444376209405,-0.0017364828144648694
5.199999999999999,4.2556915366167125-7.480303756885096E-6i,0.1544020510565392,1.6686499090627576,-0.015017423200813236,0.005423497340233089,-0.02847681557825909,-0.0016730165542034221,-0.020973455338708633,-0.002494953623889651,-0.035478494211126324,0.001265457692528186
5.199999999999999,4.263239843072135+1.5251820921090847E-5i,0.184503652601864,2.0224557732591357,-0.002112025084563652,-0.005503731506919834,0.021252666393019606,0.0031105188742113115,-0.018173832618175574,0.0017993622940114052,-8.273276178163962E-4,-0.10091758645206912
5.3,3.200619298707437+1.1020664923318882E-5i,0.2819169136641071,1.541969529697433,0.03368763031182504,6.11833226830616E-4,9.66498255478279E-5,0.0012531480838546254,0.0015424777838704547,0.1390594321459062,-3.022673696591684E-4,3.329911252953433E-4
5.3,3.4387730568587727+1.1268279699947903E-6i,0.1768870512510356,1.757842550000634,-2.987937523510624E-4,-0.004354894329194192,-0.0013867199314674828,0.004763292790723351,9.18152422774434E-5,9.635989900877788E-4,-0.0015668678258619585,-0.16664825501994135
5.3,3.612817685620084+2.477845834341808E-5i,0.1418259609644953,2.13049570691212,-0.0011402095901776625,-0.10784675367818077,2.3730385366419477E-4,-0.01482459323119664,0.0016326415123458433,4.5441536223901467E-4,-6.275675573425486E-4,0.0016521885818611354
5.3,3.678910996431692+2.8077612832682454E-5i,0.13436382653495973,2.1332363002614456,-0.0060535024615385735,0.002072299753188895,0.0014256093534513207,0.003758483309456979,0.045833466699824105,4.2439736998007687E-4,-0.12455006106560179,0.0010164922351666632
5.3,3.7338509563695705-4.074263165530067E-6i,0.4669577940317246,1.0170940024848072,0.0014168273361843291,-0.003551414223032567,0.014903269889188322,0.0013506878081419268,-0.002411357899172561,7.43648326792765E-5,0.005327154230877915,-0.022154722799597952
5.3,4.006388043140773-3.443229472115288E-5i,0.2076221302762518,1.8285445496446602,0.031689645228758355,0.44966038009978576,-0.0011095154638882418,0.0014527979861183435,0.0012755633760683674,-2.2569947087119842E-4,0.010485361617973386,-0.001412095430833451
5.3,4.033301595156167-1.1926995706265009E-6i,0.21145267563637846,1.5230303886446694,0.008030448001099106,0.019908267004561633,-6.663120498415797E-4,6.060112650554857E-4,-0.03392396233129658,2.134168102150333E-4,-0.17620096340113908,-2.3406439529753705E-4
5.3,4.092381614137162+5.055777313918969E-5i,0.0980808104489817,1.872973171264658,-0.02116668397023134,0.009363954076762803,6.185280374392747E-6,5.066583110296901E-4,2.3866240873766004E-4,0.005881035406568511,0.02294251475527487,-9.523844381841831E-5
5.3,4.2298679456887385-2.044729048557622E-5i,0.1511879162994264,1.9043353862771775,0.010323536485721485,-0.002107616394828548,0.003960161479590906,9.588876234225668E-4,0.0033860069424885516,5.838150226119669E-4,-0.033615901450187724,-0.07848992786373968
5.3,4.242755651019948-5.01874629297638E-7i,0.16348814412699797,1.8279960251463232,0.012516942238146865,-1.0282816926358626E-4,-0.02626821372066881,-0.0019151354548695117,0.02448871606928001,-0.0029255211310578737,0.03299413939844117,-0.06854205819718524
5.3999999999999995,3.1877544204262795+1.1752036917043728E-5i,0.2821187579356687,1.560541396884444,0.04058105981932305,9.532729233636848E-4,-5.985782955665686E-4,-0.0025190656205644098,0.0014773337220302934,0.11060477378134545,7.748213212563376E-4,0.0016834681721863607
5.3999999999999995,3.4045379857697204+6.860214855939435E-6i,0.1825236021988836,1.7591090908605422,0.003149180959287217,-0.005366483302512887,-0.0012331663606221872,0.002163771914425382,-0.0020324090805166886,0.0015033502689730325,0.005763046228041616,-0.1642414155514944
5.3999999999999995,3.5839826907251666+1.3369785105080137E-5i,0.11126634227360942,2.167856497098829,4.08400891702049E-4,-0.10892950893020772,-5.581158138446616E-5,5.342566926797976E-4,0.0034511588008732954,3.715228527950845E-4,5.11766290510042E-4,0.0023473716917831776
5.3999999999999995,3.6509177707532405+2.0850977032797835E-5i,0.12150681977911476,2.20009235092751,0.007833728821659933,-0.00969151669172947,0.0019509954780899002,-0.01160371819545192,-0.035717926936328234,-0.0010038901665211859,0.14834133919323536,0.006474726838638055
5.3999999999999995,3.732841171681766-7.885481142041439E-6i,0.5004197634405921,1.026326240904645,5.940058209800086E-4,-0.004978813741714386,0.013914792451380126,0.0024362907922487673,0.0019398339065311331,2.030776515036091E-4,-0.008374657007645335,-0.02349131711422274
5.3999999999999995,3.9755634990681807-4.6457087603871015E-5i,0.19896903984957603,1.85229938926519,-0.014862293191896959,0.44075685326304853,-8.808423700660808E-4,0.007994514501043635,-0.005289318069667364,-0.005926857022387993,-0.004396043163816097,-0.0024501851891044852
5.3999999999999995,4.006171216723998+1.9483428796063895E-6i,0.2045924169589487,1.4703406550105107,0.01998811530459485,0.009600266718784745,0.0016356041489141813,-0.002100757466164075,-0.07076439042781543,1.3322153401461445E-4,0.14928356213167945,0.0016972467242256626
5.3999999999999995,4.032927914984034+6.655753581584131E-5i,0.0896922724921831,1.8615822466320033,0.04172730150189348,0.002176848706393438,-0.0017783030624746858,0.0017247250809189192,0.015486406239344396,0.0019548713525260886,0.022990366729531826,-0.002277231176535559
5.3999999999999995,4.19971293509767+1.2278658541373604E-4i,0.14739045768196496,2.1123307550891766,-0.025768555417814636,-0.004073239445721469,-0.019741427233321663,3.457594355959361E-4,-0.011433081609928446,-7.602152457315321E-4,0.012611701346752,-0.10214111125488509
5.3999999999999995,4.227262394259854-3.2691861608970005E-5i,0.1715860951773763,1.7617283366095986,-0.056976858818762376,-0.004003829933283359,-0.006700763327305453,-0.0017887450939593106,0.057679555390477685,0.006979181517545893,-0.03981582284058394,-0.024613539141456146
5.5,3.1845908984973126-4.4783251420750065E-7i,0.27367669768212743,1.5518121365128257,-0.04620666632245752,-1.9123672490423658E-4,5.16277956023609E-4,-7.651557893332943E-4,-0.0016230808537720466,-0.09767431659520902,-0.0030861207804148867,-0.0010367848853875712
5.5,3.3826504558121235+2.1677994399336873E-5i,0.1826163917949884,1.728000652334134,-1.6138375160860123E-4,-0.008663552607213016,-0.003665981038694778,-0.005529586918710366,6.620159251405205E-4,0.0010025121061673983,-0.0013172727188823364,-0.16575771846875156
5.5,3.575509812709481+1.2111964547748882E-5i,0.13970796640532604,2.1565893862340832,-6.56004752251664E-4,-0.11187755961458341,0.0010762652909102738,-0.009577811444593617,6.903316947794537E-4,8.80355697684241E-6,-4.898693747994011E-5,8.514912947185701E-4
5.5,3.640586793838649+1.3801557225876388E-5i,0.1227933585905898,2.222024550576555,-0.01186841518384481,-0.0010333776945193943,0.0015855467179232388,0.003908636455149332,0.015556525067859909,0.005260145522520654,-0.18939330998687834,0.001599173613536328
5.5,3.7343462715338807+4.364296527461652E-7i,0.5161948615759129,1.0410086604601176,-0.0015505582886652805,-0.008322762937848241,0.015361637473471317,0.005201586345516042,-1.7740914714651137E-5,1.2525777065609906E-4,0.003493468855542296,-0.02755706178067987
5.5,3.961153260491011-6.150654998940558E-6i,0.19339705570892135,1.8362666629298536,0.02679261233344747,0.41378103954435985,0.004843724568634633,-0.001184960062857049,-0.009030253626796528,8.163430974740111E-4,-0.015708596244360325,-0.003642102129200715
5.5,3.9834383245972287+9.536578806828227E-5i,0.1714249168324116,1.4619556846106496,-0.05165636746363131,0.04803659517096236,0.0012425753154739476,2.3294951624904444E-4,0.09873324179411985,-0.001126403071076943,0.11032770361908732,-3.98943693765953E-4
5.5,3.9904882661697774-7.418794831804896E-6i,0.0867608132645022,1.7667637733778239,0.08883470349172398,0.0018166228700816332,-7.685208346429656E-4,8.64238529112744E-4,0.028503820605432433,6.487313705655823E-4,0.04862992685823584,-4.1683530124865076E-4
5.5,4.181213030939377+4.0024544846121285E-5i,0.20327037242646803,2.1306780093789555,-0.014794959729102473,-0.011467714594736037,-0.04100165910005256,-0.008348379648315958,-0.005669787011310705,-0.0055701079894048535,-0.006017231804016098,-0.0841372864754136
5.5,4.209987984575925+4.943453358366447E-5i,0.08201037612899569,2.122044899439083,-0.2450125459471018,0.005220455371205155,-0.006804237065263451,0.002097344244481829,0.0035784036362068944,0.054225196099353605,0.006109187048663794,0.0021190309335075395
5.6,3.172459898134593-1.3569161317198992E-5i,0.26883098493821395,1.5518032547314633,-0.04789692188254233,-8.34515000285163E-4,-3.3098651147496396E-5,-2.0358200601163024E-5,-0.001959695151570283,-0.0946917655543166,3.256923955218404E-4,0.002280881850307781
5.6,3.3563936091952113+2.1514577384617308E-5i,0.17746324134620164,1.703738016565186,-0.0022522526226446747,-0.003800632631911317,-0.004310090994058152,0.003550280634575413,-7.407588795963619E-4,-0.0036006830566918963,-4.830397451619982E-4,-0.16849642397997291
5.6,3.5551578636287635-1.8997375577009974E-5i,0.11112874150039377,2.1766731503616574,-4.5905401955746787E-4,-0.1118998805327286,-8.775346269777576E-4,0.007416073687626914,-0.005932967641889903,9.5204113190226E-5,-0.0015162084264208943,0.0014098529529049534
5.6,3.622845021597896+1.636573359817173E-5i,0.10178600858262712,2.2474713444324603,-0.0024931380449086846,-0.01831954008573766,-1.2516158933229953E-4,-0.013085416651435713,0.04268544888369145,-3.4723274905715273E-4,-0.08920924503940396,-5.879050884995702E-4
5.6,3.7274625771577976-5.699093898885362E-6i,0.5148836420452383,1.056484193481672,-0.001450394300060424,-0.005631619347191788,0.015326813644931516,-0.002616472381593029,0.0016092933127035902,-0.0014207091093048402,-7.577736044541654E-4,-0.029731790489583246
5.6,3.933063635251019-3.807712594965306E-5i,0.17060051126312611,1.8375234797196918,0.01982675143293784,0.4196576746667203,0.0012078000922669677,-0.0026869981871762384,0.005576023325800657,-0.002599963025140731,0.002320926805251071,-0.0015121067831410987
5.6,3.941605492631955+1.024713515873984E-4i,0.0923104774102758,1.7418259792706308,0.06706197949553,0.0639510178182931,0.0013051955932341303,-3.430229519834831E-4,-0.028926746505419435,0.0026330717867167055,-0.048136865856888575,0.002308843875274224
5.6,3.96163361583863-3.465277564203658E-5i,0.1694649238368414,1.430844916676311,0.007021428580775138,0.005190818361613965,0.00310250276895339,7.994726329791286E-5,0.05522890145783206,4.182277898792128E-5,0.146849268059154,8.700447899964112E-4
5.6,4.151648620516342+3.717387094245556E-5i,0.14998018855192594,2.163707820174798,-0.07385917800523716,0.009950673472099084,-0.04545574347021553,-0.0014752816440175005,0.006662143373664104,0.00727636679304599,2.4289042245577308E-4,-0.05046080866262166
5.6,4.174876664544142+3.023842992001541E-5i,0.0942352986591432,2.173982852992836,-0.20095934836308316,0.005895053391682193,0.008722906654741368,6.872812846335678E-4,0.03512142626009041,0.06328374428475701,-0.006197383282355141,0.018934649493364958
5.699999999999999,3.168445270386432+8.234862053893185E-6i,0.27786657523033637,1.551078678333428,-0.0429868977672835,2.284558376946998E-4,-2.449936457638387E-4,-6.65362012632593E-4,-0.001461246773566974,-0.11568950535921134,-0.0024371714020206257,8.657239763179295E-4
5.699999999999999,3.3330677900081187-4.370311107018452E-6i,0.18224426785182427,1.6886033457499547,-6.192336888396561E-4,-0.006489832378780655,-0.0054849835813419855,-0.0021208297634847757,4.8420041247764655E-4,-4.4899966255718013E-4,-0.0012539991577898476,-0.16552004453571134
5.699999999999999,3.5433053495119564-1.6315786981061283E-5i,0.13708476635522077,2.179596883041317,-1.8495414102676804E-4,-0.11691007406679589,5.011563206341953E-4,-0.015986697263441523,-0.0014954111531885485,9.240859867593974E-5,0.0010147649603597282,0.0022981803189663923
5.699999999999999,3.605757652083307-1.654164584964353E-5i,0.10628376415273726,2.28474515632602,-0.006273967700676859,-0.004517496198180495,-2.4923377814671126E-4,-0.002438532048651766,0.031782680737228404,0.00333265826833726,-0.14247881691705203,0.0011928255521714824
5.699999999999999,3.7288571631467136+3.985359381700351E-6i,0.5265462675321575,1.0699118782996944,-0.002369402515575993,-0.0010691042198098062,0.014656091644095549,0.0047498433331116165,-0.0012331934832877786,-6.360771737819302E-4,3.140103509318513E-4,-0.0317496681995817
5.699999999999999,3.8969484256626847+4.82567529680283E-5i,0.10471586694352743,1.7664982171680201,0.11184741179103329,0.031852293360281586,0.0012893915526318495,-0.0017749333306320374,-0.010752267952312886,8.124103588413138E-4,-0.004191863104946806,3.5685817720587946E-8
5.699999999999999,3.914796844067041+2.050354971521506E-5i,0.1889351600651982,1.8446771993262316,-0.010100342967558452,0.42689732981055684,0.005604629842512965,-0.0014894194451469034,-0.0019506085777367484,8.031244061506369E-4,-0.007192910394625029,8.022600703065644E-5
5.699999999999999,3.9392104452614753+1.4668001445719013E-5i,0.26737712135583686,1.3443301485405064,0.0012286492175108223,0.012049247916801916,-8.828025966594106E-4,-3.786630349103836E-4,0.11736685355363934,-0.0013808899720655892,0.10159417891746994,-5.863340984499247E-4
5.699999999999999,4.125719744757224+7.130928997621451E-5i,0.1452401342715996,2.2026946626549884,-0.010922932080819146,-0.010087911514709998,-0.02529611265307366,-0.0019607623149209136,0.010942932643299928,0.0031667769513255913,-3.6952294378714057E-4,-0.07927804999969743
5.699999999999999,4.138491252330312+5.4387250966096645E-5i,0.09671780634385749,2.20093487196729,-0.07431180956761477,-0.001119065021922676,1.9254050368400628E-4,-0.0012189787675710223,0.008419010851565807,0.06655523491465251,0.019205526451580898,0.00644457366496746
5.8,3.1559527830864154+3.149236723537755E-6i,0.270924451668693,1.5614177513770309,-0.03610415947601184,-0.0023522374742881245,-3.1624727300350427E-4,-9.194069051464433E-4,-0.00253174878533361,-0.13157975119787163,-3.393361848378071E-4,0.002333162985194269
5.8,3.3072435830892304+2.0252000573064025E-5i,0.18163728527907733,1.6805456576732043,-0.002795235204129236,-0.005649604667868473,-0.004507769725023067,0.0016199458521581507,-4.3243333244857797E-4,-0.0014011232073597615,-0.0021716488698386278,-0.16842723689505965
5.8,3.5221253094156406+3.0125120734335554E-5i,0.1258632647091533,2.2005226716593325,-0.0015737630893801684,-0.12108182111543128,-4.2743026023549837E-4,-0.017394847380708567,-0.0023816138369339764,6.210579373909937E-4,0.0012001172476315122,9.202485442637252E-4
5.8,3.5840989602635682+2.9227466815096313E-5i,0.10114982766949587,2.318844460916549,0.006597983163239127,4.464394326317298E-4,0.0025099560070533326,0.01184154803659845,0.02212872915978252,-5.620790945946164E-4,0.17548346162837145,-0.0034570466795206273
5.8,3.724982741294722+3.1025795828833796E-6i,0.4325142014842819,1.0978222272040306,-0.003431284089162363,-0.0099356851140914,0.015328584191676273,7.882836288960113E-5,0.0016491280999126634,-0.0013314742500864785,0.001328376363235478,-0.031099769372399073
5.8,3.850075881016155+8.526552875188907E-5i,0.10505901190096927,1.752849973685129,0.12971384477134276,0.023373078312154325,-3.620678270922887E-4,-0.002296064882248961,-0.012307588522208382,0.0016031846051549894,0.0025252923552710614,-0.0010333818713281497
5.8,3.8845780802873273-2.5346063534337873E-5i,0.18079078733582632,1.870545213303688,0.016520120812596864,0.4178282104515294,0.002973644498736776,0.006166131507815622,0.0018007040917489142,-0.005032632569295923,-0.012940506915495155,-0.0032038773312772152
5.8,3.9147690340959262-3.035520600683434E-5i,0.2628232446660536,1.3285787687057495,-0.006880150690749354,0.010684803165029356,0.004191286882690918,-4.9170239015543E-4,0.034956661006871,-2.3824845395503525E-4,0.14971440764987215,6.554056563912509E-4
5.8,4.087787334143836-1.0991258595782644E-4i,0.08667445962034058,2.2524429103580044,-0.04027042979921565,0.004118938191837591,-0.012632569512505883,-6.705230465373387E-4,0.036935943166464195,0.0291147191229514,-0.004310463294769356,-0.08783339680878999
5.8,4.101615092048452+5.793583304390405E-5i,0.08539486324962008,2.222399517294067,-0.35449715918216307,0.015119212163020633,0.017411717591931695,0.008039529674958633,-0.02727514137230404,-0.001539734205553066,-0.005336796381586442,-0.007590129532443836
5.8999999999999995,3.1559214691123003+1.0406112595667073E-5i,0.2556188287394821,1.5515100662965506,-0.04145356063533111,6.9872166058917E-4,1.5422019027049567E-4,-1.30984245153987E-4,-0.001966224436889039,-0.12095209747710145,-0.0019484728815072467,0.004275388707268552
5.8999999999999995,3.2893932995602455+9.979930211020687E-6i,0.17701227641712378,1.6585049759704282,-7.920089034038553E-4,-0.004851573994941305,-0.004614298426119578,-1.253273460584477E-4,4.6518842756675685E-4,-0.0034767400799799813,2.8955403478913465E-4,-0.17719778197767602
5.8999999999999995,3.5163989514182523-1.2508055167577916E-5i,0.11158746482906172,2.2022326350231123,-4.3853291382217645E-4,-0.12323762041224685,-1.6098347730865613E-4,-0.009442144301619071,-0.004196559680675039,-4.287368324849961E-4,7.089979035124997E-4,3.191086233996789E-4
5.8999999999999995,3.575896913395723-1.371903898735432E-5i,0.09420512033694416,2.332221143898095,-0.0029485987291972327,-0.015430267266939702,5.713988352581205E-4,-0.009375405670649503,0.035303192426129296,7.388157677954517E-4,-0.07382170172165085,7.539576255142314E-4
5.8999999999999995,3.728385105310118+4.800945868271403E-6i,0.4936170006690342,1.0884236760375234,0.0013705536665722428,-0.013808146239847115,0.014594435163879177,6.083036678348786E-4,5.396415755870043E-4,-0.0023653003457959993,0.0016656323167146742,-0.03298821658520121
5.8999999999999995,3.8143171901732167+3.0241787446590397E-5i,0.11613998169439269,1.7110347712540261,0.09280053838859885,0.0010580055861922144,-0.0012286315198136377,7.396403371780515E-4,-0.007335302689813138,3.8844853246386245E-4,-0.004724019019295891,5.971138991770219E-4
5.8999999999999995,3.8798127336813857-2.5168108971791164E-7i,0.17964375300316335,1.8450286823633428,0.0065214051787823805,0.4171684232491688,0.0011507818858240636,0.004700190658894205,-0.0021414051006074706,0.0036698198337370615,-0.006267977460584047,-0.002219745154031628
5.8999999999999995,3.9011179083042435+2.9955955756072098E-5i,0.2609485304401881,1.2806950465307951,-6.21401207083349E-4,-0.01296360261018829,-7.364365691555941E-5,-0.0010148170722677292,0.14317891183124148,-0.0016702130147757618,0.069471673133567,5.291833611486471E-4
5.8999999999999995,4.066073459965939+1.1846085785370071E-4i,0.07898531451995201,2.264549630041622,-0.17463454302287015,0.005660066630593345,-0.01251512866056063,-0.005589697529841101,0.026538114894951347,0.0202320824254684,-0.009197921672714044,-0.04899851808075681
5.8999999999999995,4.0856044534243505-2.1114243908732666E-5i,0.08375895247340606,2.2138693997808128,-0.11143781209667804,-3.8573995917122494E-4,0.00633229124642064,-3.6852993367365606E-4,0.06720394969385043,0.057039274427022696,0.003594173726566968,0.04797880669307716
6,3.1461575182369796+1.988603644656045E-5i,0.264260822722446,1.564509822977501,-0.03654146249936237,-0.002209838120862461,-7.600447549524379E-4,-0.002014825317460739,-0.0029408208373765217,-0.13572519761913038,-0.003766113962625344,-0.0016008530425501764
6,3.2628877758452646+2.1136204387515717E-5i,0.18391766010071933,1.662135020741442,-0.0017144379504682753,-0.006462268824404621,-0.005989277993571907,-0.002716974199783098,-3.807925830244438E-4,0.002168894348869922,-0.002651678052458481,-0.17014628132351825
6,3.4950501601792925-2.6143857817092533E-5i,0.09647215154964378,2.233337878761032,4.0698951305404544E-4,-0.12193892732163629,0.0014897374392206348,0.013111979085717602,0.003337617769776336,4.246320523843094E-4,6.127253128306038E-4,-9.171232533071195E-4
6,3.5487769946639802-1.841210877694312E-5i,0.09085376583728459,2.375232766374265,-0.0017088050005798234,-0.014221601281309643,-0.0014337226048177904,0.006511036652755271,-0.030194575529259,8.894587624287859E-4,-0.08043746811719299,8.279696131774763E-4
6,3.7255805853208863+3.0595781003308334E-6i,0.4931811934184003,1.1013521055439297,-0.003050583180980665,-0.012114354409601144,0.015358127797820866,0.003137120680288133,-0.0012615136839470634,7.441266636977133E-4,2.589633200203702E-4,-0.03410780642288335
6,3.7680569221276707+5.411556911669299E-5i,0.11129511912358234,1.7031890511100785,0.09461782479493443,-0.006798523928290959,7.221464704772494E-6,-0.0018580342518279788,-0.00475823427189798,-0.0013528257420605614,-0.0015600761118415303,-0.0017136474755302992
6,3.859339913832049+1.1120320396348394E-5i,0.2075807126255452,1.849423169434945,-0.0013765828408323114,0.40835286986320707,0.004477646296748534,0.0020440642973170694,0.0020494520081788237,-0.004081433079069803,-0.005006705049702758,-0.004321521074773973
6,3.881155416943731+2.290956269151383E-5i,0.26235253336773134,1.2540126566990673,-0.009030303045707944,-0.0021193808835776613,8.832042480591394E-4,-3.490830880346502E-4,0.11504841345812615,-0.0023348811964790644,0.10410674806097817,-9.468373399268975E-4
6,4.0397743269460475+9.181855687849783E-5i,0.07640528111261807,2.3149228884903814,0.009170365484231308,-0.0015870739476551506,-0.004029231177627522,-0.005348802509547253,-0.009614645674820576,0.003033991099854957,0.012421084501247414,-0.01963488980664638
6,4.049499853928912+8.736778349063159E-5i,0.13112655752001057,2.222495489945669,-0.1217024532746798,0.00899808338707872,-0.0023420652194897774,6.35529572184346E-4,0.02897098163958591,0.06840522377083816,0.008568626523249202,-0.004689164692002435
6.1,3.14315527245989+3.1045649232631975E-6i,0.2692761312107348,1.555858400230409,0.03792602424042881,0.0023373249072386262,-0.001311074998389375,0.002096124715093478,0.0022621266067392454,0.1367412676849538,0.0016851454745413926,4.715575197473353E-4
6.1,3.2486562730321573-1.719053090477638E-5i,0.18445869996245853,1.6310681625609575,0.0018410825352234257,-0.003845602850066609,-0.006042931046947606,6.65496584007467E-4,-5.34024673877016E-4,-4.152180639960123E-4,-0.0036480451615154646,-0.17622132968649595
6.1,3.4907827963953504+1.255593507683846E-5i,0.13713459318542554,2.2198540074756474,-0.003118730189782798,-0.1354497236268353,1.7412187084576194E-4,-0.00797323358821995,1.2064555235384197E-4,1.7072404456280419E-4,7.183932704033384E-4,0.0010802946557838453
6.1,3.5438624372101866+1.7867771124445756E-6i,0.11344230799639846,2.3755782620269623,-0.0026444716506410005,-0.0060397954303332765,0.0028529910186367744,0.0015459137866922859,0.012568943616538696,-0.0013641174338909047,0.20841850067866796,-0.005982128463052902
6.1,3.7243292649958115-4.382924115135521E-6i,0.3670043422602711,1.1427896796546018,0.012717681218416177,-0.006619227726366472,0.013404075084077902,0.003152824025173982,0.0019002935954037243,-2.0140231535383234E-4,0.004358081277852476,-0.035692963373473774
6.1,3.738403047730746+4.3327350857706095E-5i,0.13630267099159504,1.6666671382149643,-0.0520680854681397,-0.002731107559587282,-8.664483172536885E-4,-0.0010385974592458103,0.0013375916279302373,3.5339583113814366E-4,-0.009402890661785856,-0.0020764401786369123
6.1,3.8374685241177584-3.135777787026966E-5i,0.16947102680975576,1.8733069163508727,0.029917131396295305,0.42159376567414325,0.0030643022882938954,-8.591174186289524E-4,0.013080501821559376,-0.002694733290066936,0.014609497630224837,0.002500613694558536
6.1,3.863324600038378+8.288190355673909E-6i,0.26144063352702024,1.2548492844024708,0.00746369112905862,0.037145803604640086,-0.004222625350685134,6.970992033414359E-4,-0.14551224138036084,0.00141240235037414,-0.07598356471996975,4.832711121815311E-4
6.1,4.012195416670679-3.8586795773107314E-5i,0.08160315976863573,2.229227035238183,0.06489773068416642,-0.005471786078239451,-0.014586133917338468,-0.006982036945710683,-0.16102008176770247,-0.05530600923389434,-0.017651126043460245,-0.011580124391138385
6.1,4.018272058459805+6.814989564656093E-5i,0.10588740670943794,2.3160310130070583,-0.22115589871911717,0.021680198521339504,0.0014358968526859426,0.0011370204434268554,0.042545124281512456,-0.008439917317628467,-0.013463576305272966,-0.08729443613699005
6.199999999999999,3.136815233047489+2.0293949537608867E-5i,0.25960411433937763,1.5637023015043057,-0.021514037037946337,5.952223206235118E-4,-0.001565099514783747,0.0016907899597401357,0.0016869534674220261,0.17028097704639497,-5.348221172875267E-4,-0.0025715004412674484
6.199999999999999,3.227455690029331+5.958684690955544E-5i,0.1838225268764485,1.6321944210358699,0.0020062087041754703,-0.0034938316526908326,-0.005791333649656215,0.0021695178087116234,8.062679484146105E-5,-0.0021871180561095663,-0.002345576304907694,-0.18407132632856807
6.199999999999999,3.473992397443954+4.483144237932025E-6i,0.12304379112122799,2.247084876549256,-8.324105057891856E-4,-0.13452967736706156,-5.357254297717564E-4,-0.0031866692007492454,-4.5350236781420053E-4,4.1800802679743425E-5,0.0024309066679407843,5.915285513238503E-4
6.199999999999999,3.521270519356009+1.194850919301246E-5i,0.10141431758734096,2.407901330012918,-9.519302728622434E-4,0.004526462892376285,2.1085062454176583E-4,0.002333441716787327,0.020188546282924373,-0.0010109409797970203,-0.16782802507884306,0.002844552018692324
6.199999999999999,3.697498043171806+2.6617109654443413E-5i,0.12660572495873704,1.6553294651002666,0.032435110353016,7.364096974263346E-5,0.0032634179256904247,0.0016328338564234627,-0.0026037869958372246,0.0043642882618183275,0.0055432712066780096,-0.0015560803939616177
6.199999999999999,3.7238462131625987-4.533498223958409E-6i,0.42600489190088353,1.1310571078902079,0.005710474784123546,-0.01244269380514554,0.011613270485430363,-0.0025777554107834504,0.0013742015184595529,-0.0015639538887426807,0.0015789736427847005,-0.03493817836921102
6.199999999999999,3.82568294802811+1.9504275767243698E-5i,0.1491065770002808,1.8662017494333227,0.024105216536207702,0.43410737107023695,1.4192380012877526E-4,7.776974213131411E-4,0.006487031732178225,-0.002701488297250415,0.0030749775865960153,0.0022222278820780627
6.199999999999999,3.850252266903219+3.700150048173353E-6i,0.26795336514965606,1.2220913002341336,1.896962372707857E-4,-0.02454558019696521,0.001324239173178316,-0.0010223374214940785,0.167773471647923,-0.003094762670612381,0.053619741318632015,2.1694106010449702E-4
6.199999999999999,3.98716181246893+9.009393023457285E-5i,0.05623327317631151,2.244153170245517,-0.2564928749640568,0.02534996896665963,0.012406232413030375,0.004394134680948869,0.1582144284068257,0.003705726163984789,0.013455234557891747,-0.04118321455532096
6.199999999999999,3.9912244477003123+4.810334570554553E-5i,0.07070751906156346,2.3216610903922437,0.16777346301591642,4.4161161344009046E-4,0.009500010244312742,-0.001083963955421285,-0.021140533925417874,-0.0012159653957872114,-0.02066901211170545,-0.034026022974001306
6.3,3.1304702839363006+4.070233532129901E-6i,0.2652770319662596,1.5692255793538807,-0.044349095718987055,-7.801128082086931E-4,5.478564724596031E-4,4.5670197512394785E-4,-0.004151025786532385,-0.11313254604712977,-0.0011764345718952105,1.236722175627226E-4
6.3,3.206921677375299-8.155894308258115E-6i,0.1877503614061672,1.6246097829962556,0.0014375827951566811,-0.0052656077719832745,-0.00598463445077,0.001660978129754292,-8.872680872964127E-4,-4.220910952918693E-4,0.001091299319602898,-0.18182862267292468
6.3,3.459858972308435-1.565560428929364E-5i,0.1135967727284346,2.26942624869259,0.0012536190027693489,-0.13377779973719653,6.553171201284372E-4,0.013085706938151637,-6.134316426175754E-4,2.1939195512579336E-4,0.0027937468326826084,1.8568353697335683E-4
6.3,3.502811733878592-9.091842682249257E-6i,0.09211895572602494,2.4324614441897974,-0.003596704185370214,-3.184365640968482E-5,-1.322975680080781E-4,-0.0011194746702601617,-0.021586349998948567,-9.126785924523661E-4,-0.06301322670062837,4.3414211433059696E-4
6.3,3.6587493017403454+1.7913170612307613E-5i,0.1309684817888594,1.6427266983975826,0.06436382752737899,-0.001111850644888677,-0.001237754608165657,0.001436785331195475,-0.004246686638305418,-0.004754579636442333,-1.2706612601162012E-4,-1.5351378879590512E-4
6.3,3.7259069186398057-1.008035619610018E-6i,0.46668288268524166,1.1455774459372547,0.005007252499295657,-0.03382279342185273,0.012834007497682504,2.9217849244785705E-4,0.004939109762350056,-7.908205341170815E-4,-0.0023433294491201962,-0.03528097060463155
6.3,3.806645454642101-1.0131746299009551E-6i,0.19028946327187035,1.8739045469812474,0.0071854221467989796,0.411770159456169,0.00378955775630753,0.002059549183966459,-2.6519045492675726E-5,-0.002884242840618988,-0.001141798477882615,-0.006397158435492292
6.3,3.8354058013202637+4.29997445402956E-5i,0.2819940139444494,1.2041338766317586,-0.018847815900078908,0.008133517180778108,0.0019644519259637318,-0.0011485904900059257,0.03116460120219029,-0.0012899890510419292,0.1223921604478287,0.0011308606727059606
6.3,3.957701042676735-4.718411919805461E-5i,0.07232618617157202,2.1850807324387906,-0.05085019866994605,-0.010801361609960581,0.0065764432080630915,-0.002638205794696205,-0.19603686435178982,-0.00922486414128999,-0.027986933899089825,-0.04871312477024067
6.3,3.960924569279835-1.3420875488211177E-5i,0.061068016800449175,2.259384839380574,-0.20379753093209063,0.0029005006151820393,0.016708565804047684,-4.2298991498457804E-4,0.11109944882186572,0.0019108466707729347,0.02970620447686793,-0.032016276629748035
6.4,3.1177418880858783+6.569198517954227E-5i,0.24370884860867145,1.572891416470504,-0.039150393727677146,0.0012094147632793048,0.0010947873466358629,-0.0020325631656049233,-0.0033934939636156066,-0.13235321904170555,-0.0034045601378776763,-0.0019797382348109814
6.4,3.1817568823568148+1.5797702926577926E-4i,0.18101653063943032,1.6109544836271035,0.005108068540664348,-0.005410220409498409,-0.006085618868036973,-0.0021751014134593102,8.679207875436371E-5,-0.011258655347539502,1.7759177489246253E-4,-0.17332483592197362
6.4,3.4386748948154446-4.5283894052149005E-5i,0.11634736196042225,2.2729839783886,-2.5360886919104173E-4,-0.13790143053392573,0.0014674219293697394,-0.0025680922886047236,-0.0012032425942336375,-6.916690172817169E-4,-0.001541844325223945,6.652052835762294E-4
6.4,3.4777958099574935-8.814862550076438E-5i,0.09060619996710143,2.431925073018094,-0.006044990219105809,0.004393009331574069,2.953407103400827E-4,-0.005478553152665215,0.01930924638602837,0.0017772701923878215,-0.14549342813645305,2.547760147111207E-4
6.4,3.6206312446086573+1.1041570621189557E-4i,0.12883349028996358,1.6117446238982518,0.054985118445087335,0.007175794999360246,-0.002592840322670457,9.126031678164052E-4,-0.004358682802420929,-0.007511841097097139,-0.0038257977555134102,0.0021541502896025434
6.4,3.716676143561561+5.949582072688648E-7i,0.4264212698305503,1.1514929209401235,0.005228746045795025,-0.036716331184507636,0.013546423040201596,0.002290317079067188,0.0072864885341956094,9.260819263868091E-4,0.004101355263255427,-0.03467096749392814
6.4,3.7880226854779906+2.2577829177583195E-4i,0.1978234387596741,1.8623034566368395,0.009755418864699642,0.41700710638521116,0.0050489886117796,0.003086128841585626,-8.282679960005484E-4,0.0030774105156932668,0.025926825747423707,-0.0037212728134136184
6.4,3.816028213974142-1.11573507641421E-4i,0.2833384508508615,1.2086156206178276,0.028807792699279626,0.06103404171112499,0.0018314080390058297,0.0019728857377450705,0.06898867672081994,2.3774433083878065E-4,-0.10471129708791083,-0.001870742165300846
6.4,3.9244712810575813+7.474113105786501E-5i,0.10729468855999703,2.2702822165354144,7.040003600940091E-4,0.014679569160930724,0.025990966956783514,-9.356315459030412E-4,0.06903191653990887,0.013817318145972838,0.036156641665420076,0.058726767829877916
6.4,3.926045540981511-1.4453699340561437E-4i,0.10565563493176644,2.2491138043539305,-0.14403483156084992,0.005186795395938811,0.00408451850093658,-0.004542549883657535,-0.12839569642491117,-0.028380244684831076,0.024346185705755193,-0.04843338301834938
