% Model,Sph.mph
% Version,COMSOL 6.1.0.282
% Date,"Jan 28 2025, 21:53"
% Table,Table 3 - Line Integration 3
% scale,Eigenfrequency (GHz),o (1),e (1)
1,3.8964657566457066-4.427550262900622E-16i,2.717371177062858E-6,0.609150490890774
1,11.997512735786945-1.5957162184164506E-15i,0.39072607982716373,2.0800746806420108E-4
1,12.842645547422572-1.0988425485335997E-14i,-1.1988726032798551E-4,0.6792197494352666
1,12.999541188201013+4.607852602698609E-15i,5.145202076017531E-5,0.6583231611218193
1,26.187186881312655-4.1850056176948235E-15i,-5.341665234860403E-4,-0.0026605436668671618
1,26.446644413053654,-0.24604495481063454,0.007614678230448347
1.2,3.8964515672486786-1.514198951023366E-13i,1.137338765177759E-5,-0.022898085458731468
1.2,9.281943778740187-6.103105682276811E-14i,-0.4555116629574673,-0.0018548893053605253
1.2,10.08510285084128-1.839507128365333E-15i,9.652442932828354E-5,-0.39977345331235126
1.2,10.283389661724245-7.671414579487444E-14i,-6.990701785415132E-5,0.5809387566159478
1.2,19.15571714718463+8.444739852427293E-14i,0.005309301360472079,-0.1646648674413674
1.2,19.417436045060754-7.766289030989752E-14i,0.3173000482510458,0.00940124787798476
1.4,3.896426907359869-3.328898985080054E-15i,2.4014152551488952E-6,0.6468430704035564
1.4,7.644393579122178-8.614987078370692E-16i,-0.800626940803209,-0.0016801166568098484
1.4,8.409229601770921-1.819936345393294E-15i,2.7549630712755025E-4,-0.2833466118534234
1.4,8.645106719650043-7.074486947224139E-15i,3.1838299247485927E-4,-0.08652253138368314
1.4,14.907525098270058-9.59367910383633E-15i,-0.0029177431591861417,0.08414214321417976
1.4,15.17390273634388+2.1806755000628755E-14i,0.7044832047125514,0.004759266490953519
1.6,3.8963483065114337+8.010640274414838E-16i,-1.6385791800958106E-6,0.6487209474497967
1.6,6.58144961144894,-0.6400074103021696,-0.0016088629160064022
1.6,7.312352806214187+3.897249375641409E-15i,3.398674491668969E-4,0.4922857550487168
1.6,7.582074830603854-2.280555269761165E-15i,1.471542327278438E-4,-0.6031282040711499
1.6,12.146352121229878-5.9106007553517406E-15i,-0.0025038936300762825,0.06043995849506904
1.6,12.416016350960966+2.107149457154485E-14i,-0.7252933597240029,-0.001769332307453545
1.8,3.896513481145555+2.8301963815366016E-15i,-1.650746206554305E-5,0.6206941009872259
1.8,5.852909897144366-4.450712874880751E-15i,0.5466009644519713,2.028367742859314E-4
1.8,6.553851059956442+1.6418289296837602E-15i,-0.0016891911056816865,0.3466590182002008
1.8,6.853438510739507+1.4884753878583605E-15i,0.0012581295194822437,-0.5345133316018775
1.8,10.243673559871734-7.960299235509964E-15i,-0.002030802395428924,0.040026363827418414
1.8,10.517887746913594+2.301946944823711E-14i,-0.8167584907714791,-3.1681106967426794E-4
2,3.8965096052061705-5.365683441392617E-16i,6.026100564088818E-6,0.6342765408314347
2,5.3317004270373465+4.3504595647338235E-15i,-0.579697618288976,0.0027078269787129666
2,6.006804580470986+4.780717263048862E-15i,-0.0013291221628015195,0.199017707765401
2,6.331973485680077-3.233932382550914E-15i,3.2698588654410583E-4,0.8445724504719319
2,8.878460258611781-1.0127142300129695E-14i,1.8674752157091473E-4,0.05715878003276387
2,9.159584032003202,0.2243182367933979,0.008888746876311972
2.2,3.896400867489176-1.6633125308590367E-15i,2.0861544130140917E-5,0.6398205697688615
2.2,4.945999186940171-1.5479536834074361E-15i,-0.03275132921595939,-1.7766907361870066E-4
2.2,5.598867082890378+2.9940046863943946E-15i,-2.4191458634095267E-5,0.8947721148719145
2.2,5.945272991165356+1.1216354781338028E-14i,-1.6576276882022305E-4,-0.1623146112726267
2.2,7.864835568343464-7.746787135823429E-15i,0.0028827937850293343,0.048061703894800814
2.2,8.149961881539776+4.7856090721409806E-15i,0.4793965610609718,-0.003718002189491949
2.4000000000000004,3.8964511845949192-6.1769697200094726E-15i,-3.856168794970261E-5,0.4056766776504848
2.4000000000000004,4.652533461380822+2.429304234238446E-15i,-0.5694551950573193,-0.002576932304376956
2.4000000000000004,5.286303438484059+5.1100889634376085E-15i,1.2582685178667448E-4,0.8323584758567406
2.4000000000000004,5.651948393024223-1.341794805269362E-15i,-6.143592686959834E-6,0.7487919737471692
2.4000000000000004,7.087756558119762+5.357162551710007E-15i,-1.1735038845693847E-4,0.002801335348948872
2.4000000000000004,7.379348239100257-8.003657089650932E-15i,0.6195680025042902,0.007049904741004639
2.6,3.8964362944753828,7.343930954548065E-5,0.6112809565105368
2.6,4.424147355721649-1.6474971204825095E-15i,0.5254330834175844,-5.313506896694867E-4
2.6,5.041450218159712+1.0622378742395057E-14i,6.880124120389066E-4,0.7043697358768745
2.6,5.423312821027452-1.9214475355461818E-15i,4.495841212142585E-4,-0.7081456826698254
2.6,6.4809943246522685-2.8151840004998106E-15i,-0.002276417964001113,0.0035818838683996444
2.6,6.77839337336184+2.8386931000853175E-15i,0.24316855660237865,0.0011533581268884177
2.8,3.896426278345565+2.5593291735249866E-15i,8.689799926587381E-6,0.6805408107478679
2.8,4.242783087893343-5.353490842007784E-15i,-0.8091014051288992,-0.001709639601560086
2.8,4.846004562141736+2.9264321919827286E-15i,-3.7030595376547427E-6,0.8646150994017784
2.8,5.241676395031994-7.392860548906492E-15i,5.97045147826192E-5,0.45177420712293065
2.8,5.995456711715513+1.3357303705159192E-15i,-0.003078720523712191,0.0015377622622863745
2.8,6.299162570196738+3.638503200376624E-15i,0.7893862899862591,0.002538308821037964
3,3.8964058773796326-1.6012578984074387E-14i,-2.967752881886639E-5,0.4936129334201226
3,4.096405593610928+1.552625566689822E-14i,-0.38968981534934116,-2.3561240179896634E-4
3,4.687485254123928+1.7405654001707384E-14i,-2.004929420504606E-4,0.4255979312461919
3,5.095525009980245+5.356422402149256E-15i,7.133240564012665E-5,-0.5354119890079974
3,5.602171610915982+2.718168974470522E-14i,0.002067455541007597,0.015779238824673164
3,5.911776524319233-4.184325300274973E-15i,0.3306670583162744,0.004799251782143787
3.2,3.8963791264073158+2.1846557485598278E-15i,-1.4357823339404E-4,0.7082629578161886
3.2,3.976650922591445+8.61398177445348E-16i,-0.7859475779951028,1.327885824418429E-4
3.2,4.557102454408193-6.168035044896943E-15i,-3.6353754108824613E-4,0.23167681434174886
3.2,4.9753372794862285,-7.876389009040652E-5,-0.8605183661149299
3.2,5.278119335313102+5.5278224636901615E-15i,-0.0011115488036678534,-0.010462855549153051
3.2,5.593447939201745+1.4777013987248904E-15i,-0.605564604412506,-0.0015112184856106146
3.4000000000000004,3.8777112780309673-7.147823066051089E-15i,0.8173520189579384,2.3430587957613217E-4
3.4000000000000004,3.8965043371410246+2.934782105176878E-14i,5.605056281312714E-4,0.7332468325409136
3.4000000000000004,4.44867729105187+3.5063829661604557E-15i,-8.560363847935154E-5,0.42498213204045615
3.4000000000000004,4.87615939960274-5.981601933554586E-15i,-1.909841908642659E-4,-0.5989519495481289
3.4000000000000004,5.00740353163374-7.198290723526737E-15i,-8.78366791830567E-4,-0.013561032967774854
3.4000000000000004,5.328733676817795-9.925383519111774E-15i,-0.020580674830854274,0.0033963180208590985
3.6,3.794390029237746+5.0963132907922944E-15i,-0.8195389066899595,-0.004488103778081776
3.6,3.8964142974373273,-1.4550730826444366E-4,0.6977682462386657
3.6,4.35729772554264-6.2763182266556066E-15i,-3.0026481729070566E-4,-0.8133740294250745
3.6,4.778870326281933+1.3253433926757668E-15i,0.004267030277344314,-0.0506132720143572
3.6,4.792506154269911+3.403470513300492E-15i,-3.1469448368783855E-4,0.812783218825566
3.6,5.106531064606388,0.7456176250715831,0.002980778232218494
3.8000000000000003,3.7236035103618454+1.2031465357550153E-14i,-0.7972865085875519,0.004810198368507808
3.8000000000000003,3.8962671543642933+1.9255576711190193E-14i,6.327740400043579E-5,0.35108959591383315
3.8000000000000003,4.279739486645193+1.9167645442392508E-14i,6.46535352883536E-5,0.12798676869154527
3.8000000000000003,4.5838446587846065+1.0383765439405508E-14i,0.0016599715725868634,0.02926616308133082
3.8000000000000003,4.7211501844196695-8.674083002131393E-15i,-6.114565882511188E-4,0.8391031429832349
3.8000000000000003,4.917496112190444+4.2557317980482255E-15i,-0.14173579847302062,0.00706570833771042
4,3.6635962971584792+3.901376911094017E-15i,-0.3179652425388345,0.0012125785310156886
4,3.896404866167629-1.9331690890398336E-15i,-6.423389872165437E-5,0.6589551264085565
4,4.213305696704481+1.5697598150553644E-15i,0.0012292539425343663,-0.6108379538049797
4,4.416131923694167+1.334083152772908E-15i,3.554561392892682E-4,-0.06027074703331474
4,4.661530243006716+9.174922137759705E-16i,0.001256078478753045,0.43607062590412404
4,4.755600637281562-3.2208450517921444E-15i,-0.5408707049313399,0.008184141267769063
4.2,3.6119444620425822+3.470053080789476E-15i,-0.1162037389466918,0.0011255901544939518
4.2,3.8964517947503046+3.4308568090035587E-15i,-9.33104266604872E-5,0.6290866839597611
4.2,4.1560206576457634+1.7724803100779542E-15i,-7.718171435945066E-4,0.4891220035724653
4.2,4.271116955780801+1.5158170299227863E-15i,-0.0038602505504173575,-0.05343564843006699
4.2,4.609681809997223,0.01072354975011798,0.846709633134803
4.2,4.616041882529837-7.113796270969684E-16i,0.22708741881127392,-0.06046340843803631
4.4,3.5667138724024774+9.990931098154553E-16i,-0.8015936240770135,5.478532497902029E-5
4.4,3.8963635019782994-1.5705868181875952E-15i,2.3693825453463014E-5,0.6437864684755075
4.4,4.10607234237219-1.1650545893152853E-15i,7.848320779698129E-4,0.7555046692648105
4.4,4.143976327453388+2.0824440922945156E-15i,4.416692191979662E-5,-0.06552088577965721
4.4,4.49450191052563-2.9910266289096915E-15i,-0.811218778635829,3.680980559023172E-4
4.4,4.564188515304157+1.4924763117910837E-15i,3.0802843485658337E-4,-0.8491169929235899
4.6,3.527711656575605-2.6711799619131097E-15i,0.5940824032513754,0.006507217500035214
4.6,3.8964911626209977-9.596467479737034E-16i,4.7102599589580206E-5,0.687426900436907
4.6,4.032449524371129-3.26392111045579E-15i,1.2935986709573772E-4,0.023586126568024727
4.6,4.062533298034123-3.052077100643553E-15i,6.856947490044758E-4,0.49136483908604445
4.6,4.388826250038517+2.1556051377711213E-15i,0.7812161799552225,6.755700230415855E-4
4.6,4.524830887260554+4.036467245959931E-15i,0.0021464471050480663,-0.8562861676234381
4.800000000000001,3.4934520015740014-2.9185801131959127E-15i,-0.7037781844244033,0.0011245916494349822
4.800000000000001,3.896518575214398+1.4447592490824729E-15i,1.4754149229896768E-4,0.5778031350063991
4.800000000000001,3.934829003575779+6.613980071899271E-15i,0.002764903729043357,-0.07828812087138123
4.800000000000001,4.024198716968414-2.1802671548085746E-15i,4.167940087629748E-4,0.14591798538230566
4.800000000000001,4.295326851601714+3.937181417357596E-15i,-0.7863747217450677,6.998309806997697E-4
4.800000000000001,4.489873180430485+8.764677764758104E-15i,-4.708499627209092E-4,0.8962998307097352
5,3.4621619840000974-2.4691896516367995E-15i,-0.6853288777894391,-0.0016827876158602441
5,3.8450838546658344-1.8846815967467193E-15i,-0.003343714155339028,-0.10103284535289281
5,3.8961983634616693-8.374898685052116E-15i,-1.6554039323552072E-4,0.5878260371754314
5,3.9900004558831026,4.5269516476822335E-4,-0.1863313816070144
5,4.212131513544361-6.25919293261216E-16i,-0.6065637387785837,0.0027812421516806613
5,4.428749382935434-7.725938633721793E-15i,-0.06094836007471577,0.018511479700606754
5.2,3.4351431364793066,0.3291940112305711,-9.123464832378564E-4
5.2,3.7676937509237556+8.75401692846493E-15i,3.921111204224439E-4,0.04460219727122996
5.2,3.896129838485337+1.6113109713074626E-15i,-1.7424412922138093E-4,-0.1703986146272332
5.2,3.9598098436762545+1.5738230313314657E-14i,-7.2315561603392E-5,0.608339524106825
5.2,4.139189487382986+3.2594634623477073E-15i,0.08014092163947464,-0.004513145266395915
5.2,4.358667556064518+2.262540566174988E-15i,0.5373625004482205,0.008671570314679813
5.4,3.4113438758800076-1.6612563508720506E-15i,0.3103553420120258,-3.136765820722955E-4
5.4,3.6970906094413656-1.5889691163868879E-15i,-0.0015329443186269177,-0.09391814444299833
5.4,3.8964481252660343,-3.381270111399862E-4,0.6377593766913342
5.4,3.93284890725821+1.095620616524018E-15i,-3.47561339292698E-4,0.6200298798046026
5.4,4.073322776342405-7.034957391397046E-16i,-0.3721903927311514,2.1178184711039498E-4
5.4,4.297898627345768+5.049349753774962E-16i,-0.6336496085078771,0.004139630206591531
5.6000000000000005,3.389618431058189-5.600971371636876E-16i,0.6854579239965956,-8.43842448666194E-4
5.6000000000000005,3.6339209286805345+1.2118402981623638E-15i,-0.0020194073882548107,-0.09578050919137344
5.6000000000000005,3.8963558642309764-3.719782437636538E-15i,-2.12130881250944E-4,0.6348655962153541
5.6000000000000005,3.9085947684219415-4.755519701557016E-16i,-2.4436537615018703E-4,-0.8590815081193109
5.6000000000000005,4.014387577398009-5.110445916263342E-16i,0.3953703755142039,0.007678144374990086
5.6000000000000005,4.24131204748734-3.4818692953640952E-15i,0.5497916186882905,-0.004009787655098086
5.800000000000001,3.370501704806457-1.624418955911273E-15i,-0.4348956337434229,0.0023151842765444354
5.800000000000001,3.576843296249214+2.5334117735563115E-15i,-0.0021929343615196342,-0.10164085376614586
5.800000000000001,3.8867501361724575-2.111868934465712E-15i,-0.0012426812273735473,-0.06008677537132726
5.800000000000001,3.8965222659344576-2.3578546250944754E-15i,-8.280945399206878E-5,0.6313382011361596
5.800000000000001,3.9617733152341237-4.1456938836597914E-15i,0.6353359252448015,0.0033224146113310913
5.800000000000001,4.163442538560959,-0.21771322289315193,-0.004813730203657868
6,3.3527922839697903,-0.46023489112632937,0.0072471901487281545
6,3.525103109041862-1.5709887680426725E-15i,-0.0031325626470819893,-0.05738790771746861
6,3.8668710430983206+5.772187371395418E-16i,0.0019432102950981897,0.12284274421541652
6,3.896564052674669+3.624041538557131E-15i,-8.265658331215973E-4,0.6252233237012564
6,3.9139835113116757+2.555109404363792E-15i,0.08132227463960988,-0.006870418447434392
6,4.06945143095008+2.9977330684434498E-15i,-0.1343623736309197,-0.007757376626447285
6.2,3.3363307589516182+1.119727701787272E-15i,0.802774897374606,-0.0030891675433691824
6.2,3.477003803348494+6.845370753582286E-16i,0.004313610349678203,-0.056542197899821824
6.2,3.8486320599548263+2.8769102581582666E-15i,-0.0013546324477850217,-0.799093199673718
6.2,3.8700947639897962-7.593789694829457E-16i,0.720546498258643,0.003267138299829378
6.2,3.896406659198672,-0.0011809850846787105,0.5982560869435841
6.2,3.981200250184012+7.842835141943118E-15i,0.12391458834873594,-0.001669855482240874
6.4,3.321806754118819+5.814523076562146E-16i,0.4113321247670175,0.001055946822496898
6.4,3.433659339260287-1.7167122401180213E-15i,-0.0022160881876006123,-0.1409215075503901
6.4,3.8306258188830906+1.7089331755846133E-15i,0.4907676966849371,0.00416991283232525
6.4,3.831944371922588,-0.012867277359076744,-0.004163687619112328
6.4,3.896413637087077-2.2289034003083588E-15i,0.012263473340162616,0.49795198266216245
6.4,3.8981640820653682-2.0267253795186207E-15i,-0.1525709483581466,-0.023647622733560997
6.6000000000000005,3.308412795956419-3.4985189570214463E-15i,-0.05839129736169704,-7.375295705051721E-4
6.6000000000000005,3.3940165192247873+3.134567428844994E-14i,1.4715156142725718E-4,0.025714051190091985
6.6000000000000005,3.7944974172688215+1.1256477576091393E-13i,-0.7902752450624738,1.1721717369994149E-5
6.6000000000000005,3.81655756261724+2.1857044329285016E-13i,0.007519451570263165,0.8638549086376915
6.6000000000000005,3.8258350351082244+2.888812995117617E-14i,0.1585466437319721,-0.003476652445488411
6.6000000000000005,3.896496735332572+1.602761022151389E-13i,-1.8738789261732948E-4,-0.21069834381450042
6.800000000000001,3.2962571767260225+1.1879477991943528E-15i,0.7820276659848565,0.001282549573193934
6.800000000000001,3.3579379009297146-5.065159427015329E-16i,-0.0017458079279321563,0.14661204011779724
6.800000000000001,3.7599853364680285+9.289141929230963E-16i,0.19107678842137402,-0.007582045676033373
6.800000000000001,3.7615083111560823+1.6585915926485061E-15i,-0.004490584603578586,-0.0023172344656594507
6.800000000000001,3.802126363153509-1.0716366911403773E-15i,-6.536015761431102E-4,0.8701423409808217
6.800000000000001,3.896540246771801,2.2991644711184474E-4,0.5548386918956499
7,3.2846196848506435+1.876632402287333E-15i,0.7241866491709328,3.279882810623725E-4
7,3.3241344107210953-8.863406458349625E-16i,0.0065522849412645535,-0.14494339504779402
7,3.6981713367502023-1.482164273670241E-15i,-0.1785243576154495,-0.0018383955573807304
7,3.7309050829327925+4.030737237389543E-15i,0.6465379488660685,0.00624338617445091
7,3.7882482997423965+2.505244674950736E-15i,-1.7914452233050917E-4,-0.8941138828346988
7,3.8964553532634087-7.812969972993175E-15i,-4.0808122346223565E-5,0.6465854740909587
7.2,3.273955433130564-2.388043871054752E-15i,-0.5392172707080598,-0.004515643887653042
7.2,3.2930792024762603+1.5892197390817794E-15i,-0.0012203739378554728,-0.10831827000432384
7.2,3.6396068052364097,0.14553586566341997,0.01956598605394488
7.2,3.7029831890370133+1.1581560364003774E-15i,-0.38200005281739147,0.015919495574577166
7.2,3.774561980575365-2.8964830810413653E-15i,0.06272644891485382,0.0442179566642852
7.2,3.896510047373739-2.713441176894855E-15i,-6.469873604059072E-4,0.640984798578625
7.4,3.263738665300782+1.7045027385906E-15i,0.6459933446856823,-0.16305807201492617
7.4,3.2643626742331913,-0.19081064450206012,-0.1287350282110247
7.4,3.586029138849456+6.724294548355311E-16i,-0.13469568811457253,0.0022157130848026916
7.4,3.6769902822377856-9.809964913644458E-16i,-0.812001899347806,-2.0628505430202933E-4
7.4,3.760225191656122-3.0537553984122626E-15i,-0.037561739037198845,-0.047995449998183275
7.4,3.858451770090882+1.1631825333688932E-15i,-0.005036779080200037,0.1216538934897528
7.6000000000000005,3.2374894008451682+1.7305407953431791E-15i,0.005687069538163211,-0.155790380375714
7.6000000000000005,3.2542555534776545-6.387537620007683E-16i,-0.8101116458282622,0.00154795735585527
7.6000000000000005,3.537024378114009-8.966167828807488E-16i,0.18729243422305908,0.0023904386079391486
7.6000000000000005,3.6528891117071067+2.461480150279664E-15i,-0.8175477990981614,0.0016301388153217402
7.6000000000000005,3.7437441146083907+1.9793653497532732E-15i,0.011266484188090113,0.11928805090442014
7.6000000000000005,3.8207535535833665+1.803908107873308E-15i,0.004801115343599773,0.15412064123457364
7.800000000000001,3.2126257226548405+1.4044839846546621E-15i,-0.002154965540976328,-0.13181756159568064
7.800000000000001,3.2451298686937866-6.45710086205043E-16i,-0.5169179072438943,0.011052551602508742
7.800000000000001,3.4909803412674556,0.19365208855729577,0.02090519422470165
7.800000000000001,3.6305467579278727-1.3639194270749032E-15i,0.11388245731515229,0.010789359053357681
7.800000000000001,3.722563806972543+7.39732344454502E-15i,0.002188310331300499,0.02888545466542107
7.800000000000001,3.790976888537536+9.252063620795728E-16i,0.014059023437392572,0.10744102581711854
8,3.189370093998903+1.3469883605338978E-15i,-1.2113074949177492E-4,0.04613325211241159
8,3.2363116373664798,-0.8017645998198768,0.003912613789912572
8,3.4493659420984666,-0.16620640189650387,0.004153740195047369
8,3.6096085055331026,-0.6891855117716363,-0.005425238055248849
8,3.6964646365993414+4.013917406143485E-15i,0.012152449485960826,-0.12126520598049544
8,3.770003730796027+6.499927756623539E-16i,-0.0016706053264682965,-0.6359305269988496
8.2,3.167782899062012+9.848050412257181E-16i,4.335771892137027E-4,0.08313223037166896
8.2,3.2275329907315093-3.3528473395826142E-15i,0.6417986294079607,-0.0014723800906545647
8.2,3.4099467164315764-4.472995018858214E-16i,-0.21949251329882563,8.883262999617E-4
8.2,3.5901112994162663-2.818314021529683E-15i,-0.6195639233515521,-0.004887301439815533
8.2,3.667457931825892+8.766060772982797E-16i,-0.003619623223943162,-0.045328767247797226
8.2,3.7557981185910436-4.306162867651341E-15i,8.498641208148103E-4,-0.874052361963289
8.4,3.1478774083427146-6.816771368319446E-16i,8.542445604082621E-4,-0.030382367909760333
8.4,3.218882430275453+4.813916444484096E-16i,0.12538926630202593,-1.7703326259490568E-5
8.4,3.3758135256628825,0.05592472928774933,7.157050317837426E-4
8.4,3.5717738133946293+3.3771733474931367E-15i,-0.7885273695038199,0.004836341251595099
8.4,3.6377911086243704-1.5429500822777658E-15i,0.002427893591751936,-0.0996140583861191
8.4,3.7448882927207467-5.5361573848005934E-15i,-0.0014648250848917244,0.8047682579385467
8.600000000000001,3.129061830653503+2.688025384942953E-15i,-0.0018456867687421954,0.12491509905332555
8.600000000000001,3.2093291024732773,0.7101225374310404,1.5277531048190268E-4
8.600000000000001,3.343410089800588+2.2977982704505152E-15i,-0.2472625626234879,-4.2158360597768985E-4
8.600000000000001,3.5546293329107126+9.420940875789693E-16i,-0.39798271379465716,-0.0019298509086616302
8.600000000000001,3.609095798979711+4.723119955337779E-16i,0.005223642838879605,-0.05123831373929923
8.600000000000001,3.7043823867699044+5.267656050480967E-15i,0.005917918035985056,-0.051508407252507896
8.8,3.1113551117543006,0.0022360444442720826,-0.1271682150237818
8.8,3.1992569173658945+2.388550758726575E-15i,-0.7181549194606065,0.005829063597190992
8.8,3.314810939752128,-0.28646219582525695,-0.0077370110109033574
8.8,3.538426590156057+5.463051230620554E-16i,0.3811339283610661,-0.0029534466038793387
8.8,3.581143308332349,0.003284678123413512,-0.06961106699437457
8.8,3.6563643136889983-2.7215088906844273E-15i,0.018579508186953152,0.012856920163811049
9,3.0942525955283693,-0.0026808043047735343,-0.032323072750090186
9,3.187905837065173+5.5306101137364524E-15i,0.11880919826008081,-5.247559120054042E-4
9,3.290218497836974+8.531057221971805E-15i,-0.16716695021847425,0.006097399853909683
9,3.52277903755412+6.717559240683429E-15i,0.5776455051594813,0.008053095168971743
9,3.5535675504960444+4.619645358929971E-15i,-0.0017536705121472841,0.03671837086394495
9,3.61705965588056,0.01750177234718808,0.021296879901915738
9.200000000000001,3.07851218528323+1.996110558265688E-15i,-0.004936803125939215,-0.1459034641577075
9.200000000000001,3.174108123787138+2.482562806447948E-15i,0.3456213230847322,-0.003915802866113002
9.200000000000001,3.2688873994970535+4.4307604939881824E-16i,-0.1818000285516787,-0.0023565773839614363
9.200000000000001,3.5077858579391354+3.894942924580312E-15i,0.38008472168269397,-0.014443015165941327
9.200000000000001,3.5286711981835177+2.400039998056167E-15i,0.0020373365279172492,-0.05195671998535741
9.200000000000001,3.5601077559623584+3.604955083094826E-15i,0.007329893542538879,0.03799385086902835
9.4,3.0637850230491295-1.0054603564767836E-15i,-0.001795473021537085,-0.10925502842660872
9.4,3.1592724038638087,-0.17192267958242888,0.0046541754059225325
9.4,3.2522524611251313+1.909502975903212E-15i,-0.33359050265846363,0.004939329260981454
9.4,3.493821018305332,0.8190234253716303,-0.0175858681474409
9.4,3.5046889329258497+6.721690561441585E-16i,-3.0401493063762764E-4,-0.02673640986173504
9.4,3.5204591365105373+1.3892805947391733E-15i,-0.005222475737735466,-0.00921417848332783
9.6,3.050110205492088-6.803637096318484E-16i,-3.16156224426711E-5,-0.14766642356786844
9.6,3.142228579493218,-0.050138776166362614,-0.0013170097893350195
9.6,3.2387756170664432-2.4282906248695277E-15i,-0.4796825684077329,0.004527430098477468
9.6,3.479648399738602+2.340579842989439E-15i,-0.2628256327603765,-0.05870537473434697
9.6,3.481366505375886+3.414508393296186E-15i,-0.04512238944705242,0.03776353249241126
9.6,3.4883464758257516+4.6655181321612174E-15i,0.011710475839504676,-0.05334977233246248
9.8,3.0363239990791335,0.001674897452741075,-0.13799913072625397
9.8,3.1229152539807488,-0.08014242726593701,0.0010632924226317464
9.8,3.2281260958213944+2.0268554365179506E-15i,-0.5520030753618882,-0.0020038803326539686
9.8,3.4379050342622266-2.1249338047721806E-15i,0.004835982648460707,-0.044367628413590626
9.8,3.4606525556038634-1.88301954406999E-15i,-0.01109042567329992,0.030067600922406918
9.8,3.466167412115415-7.282292121157776E-16i,0.08509133282329763,0.0036078755098022056
10,3.0226290540702228+3.6081326054279724E-16i,5.253767288264912E-5,0.11335316762237282
10,3.101881923101276,0.03750467615682473,0.0015251040791921784
10,3.2191160364858167,0.4797052994011383,-0.005219764774858344
10,3.4040525824415373-1.6320136153219685E-15i,0.005320027316013276,-0.050264866736230596
10,3.439075963763454+1.9284004206523172E-15i,0.008485208539086216,-0.027271676352043868
10,3.4512916044464608-3.779195032996892E-15i,0.16572852253086387,-0.02530327639046032
10.200000000000001,3.011283012152376-5.7801485039254114E-15i,-0.0015201403381705121,0.12662608794785146
10.200000000000001,3.0853625928490396,-0.005384100817456479,-0.0032465177633573834
10.200000000000001,3.212919101204201+2.1358561252485557E-15i,0.18545022397341362,0.0031075206322894807
10.200000000000001,3.3688678986632676+1.8761177563380416E-15i,0.004421624045590443,-0.052688943019187924
10.200000000000001,3.42040949981165+4.633643248039684E-15i,0.003738169139296386,0.011951856919707776
10.200000000000001,3.439217894603053-1.6664854133447507E-15i,-0.09839441586778425,-0.0033385163345707037
10.4,2.9999470608682253-1.7996440860076497E-15i,-0.001806628843870219,-0.09446587229100838
10.4,3.0661705737131655+1.7293989250027017E-15i,-0.0077433835023253805,0.0017633013077484356
10.4,3.2070331995248744-3.0144991416987052E-15i,0.5063830270431876,-0.011442923912529254
10.4,3.3411079676957423-5.13339726748801E-16i,0.0022092372835857696,0.011279993481687354
10.4,3.4016666994393803+2.8319960763695542E-15i,0.0011743654003107265,0.025341541067936547
10.4,3.4243411963579184-1.2010607186992748E-15i,-0.07201530457573879,0.03640860417267453
10.600000000000001,2.9894453582977016-2.2357844554365535E-15i,-8.73152697354916E-4,0.11402383076764677
10.600000000000001,3.0476370822417165+1.2456092997062139E-15i,0.008137284810978904,0.0033681731368270314
10.600000000000001,3.201913430724352-5.033278107889572E-16i,-0.6894047354973605,0.002573230830900606
10.600000000000001,3.3142090306515537+1.2589938430640603E-15i,0.004712154900369436,-0.07156792271863797
10.600000000000001,3.3838386058244083+1.2078644391245122E-15i,-0.003976398218574454,0.028696858547922973
10.600000000000001,3.411900787430557-2.119900558436456E-15i,-0.009994641446294946,-0.021727624183133364
10.8,2.978513105861591+3.4184035347051633E-16i,-0.0029804391305254937,0.08278642277672732
10.8,3.029790044848221,0.014274294027802278,-2.766756568035735E-4
10.8,3.197114275484326-2.3985730415440675E-15i,0.6620190620934515,-0.018239137605963608
10.8,3.2770351826042217-6.31630227090473E-16i,-0.00563395539118593,0.021228832553164188
10.8,3.368362327384997-2.924974114043406E-15i,0.004446581149179252,0.005691296200044429
10.8,3.3969319480582345+2.149218620356774E-15i,0.11549495372358815,-0.001981212212944689
11,2.968462423022797-1.7284235456706991E-15i,-0.003112434801296205,-0.11273326968295581
11,3.0129024014548023+9.168693950239665E-16i,-0.03446643153835624,1.6412912619951996E-5
11,3.1934628176723745+4.290157097841823E-15i,0.3641549448659557,-0.03333127214021689
11,3.2534304690397313-9.822510615880793E-16i,0.0030309394695171438,0.05240329005709299
11,3.351221198028059-4.305548415017448E-15i,0.007594971491779225,0.007648828640553324
11,3.3824160316467236+5.096280015340184E-15i,0.07006425188425779,-0.0031090160906749984
11.200000000000001,2.958765591198343-1.0533989120325777E-15i,-0.00864508057014297,-0.11335555194500299
11.200000000000001,2.9972528923598323,-0.05869709168534394,-0.007130734459945988
11.200000000000001,3.1898178142153295-3.0323210441324484E-15i,-0.7574660144120798,0.11157942604707542
11.200000000000001,3.2233577601875965-1.5969616190695858E-15i,-0.018144918637447105,0.04774651985983216
11.200000000000001,3.335500359368552+2.9430757261664283E-15i,1.77394289306622E-4,-7.223734598714477E-4
11.200000000000001,3.3666325241198893+1.3959241727350705E-15i,-0.013977550776306639,0.026428856742187364
11.4,2.9489275933911885+2.073994145078862E-15i,-0.0023803483919808896,-0.03897700621197268
11.4,2.9799651342402416+5.984884232010634E-16i,0.012352198653747214,-4.19992917377827E-4
11.4,3.185976888153887,-0.6762614522745207,-0.03337163691727345
11.4,3.200763152937694-1.5539920722459129E-15i,-0.014271833525227099,-0.04883802292817795
11.4,3.3208094084040085-2.6114376365447065E-15i,-0.0016946711768253795,0.007870630834956241
11.4,3.350800424153825,0.005529746844553076,-0.007851422594160775
11.600000000000001,2.9402831894251213-1.0485646013641259E-15i,-5.728051936268845E-4,-0.03807386422552629
11.600000000000001,2.9670384108918495-1.3886732486766302E-15i,-0.061455907189978655,0.0072397844094603285
11.600000000000001,3.177852694000556+3.2099736273846434E-15i,0.036015959394481545,0.0727937888542762
11.600000000000001,3.1833506321730356+2.986576674482927E-15i,-0.6636573678037769,-0.1489875230150551
11.600000000000001,3.3064388360594648-2.619143730944413E-15i,0.004258467165010238,-0.015203863058101397
11.600000000000001,3.335396289485372-2.0073306304696622E-15i,-0.009831963463083149,0.0029903003781608733
11.8,2.931044725060124+7.237856287512917E-16i,-0.002304879405597525,-0.05547225351956654
11.8,2.951145722341978,0.011232757565862197,0.003639069097310538
11.8,3.153950795736725-2.967223180042562E-15i,2.6443467327783027E-4,-0.07525199812181003
11.8,3.179724592693855+5.354729158651217E-16i,-0.0956984649945041,0.012239336134119918
11.8,3.292418996756304-9.498011762426854E-16i,-0.001114258660667093,-0.015962398785025568
11.8,3.320347747052779+1.0586025151298655E-15i,0.09196794408819019,0.006811845643574184
12,2.9237207422850062,0.01564142789483713,-6.140689123237796E-4
12,2.9380444931712075+1.5711821385279432E-15i,-0.009997628196107299,-0.006612430136126783
12,3.141940235766362+9.246578980475581E-16i,-0.0078505866692448,0.008757125420996194
12,3.1772754873999207+3.8863065206090025E-16i,0.7423717083625034,-0.002335887348889839
12,3.2790992666387595+1.7747707064427703E-15i,0.0034562979961652897,0.006847236886761279
12,3.304842906791538+3.1862965349672145E-15i,-0.03953408074866819,-0.005938559306939039
12.200000000000001,2.913603208283257-1.1002968925555073E-15i,-0.011482374994462669,-0.007588505459264253
12.200000000000001,2.9244366000216666+9.505083597348357E-16i,0.06976425084994091,5.714191399517552E-4
12.200000000000001,3.11222609349538-3.356943248431089E-15i,0.007076587918436239,-0.0821238879219811
12.200000000000001,3.1741331220269333+2.8428821530029747E-15i,-0.7800538079688052,-4.326468901700523E-4
12.200000000000001,3.2654138811010025,0.015540079979340031,0.023566811941505877
12.200000000000001,3.2895665442931783+1.1094485134004042E-15i,0.017890471437140197,-0.00116175191777252
12.4,2.9055985938883073+7.048547585581629E-16i,-0.03303110302223548,0.043511915037895234
12.4,2.911784132081211-3.3254909836158117E-16i,0.06276664380883483,-0.0034320093445367825
12.4,3.0978683431251777-2.6154015050686167E-15i,-0.0013956064159751861,0.03524162566262098
12.4,3.1714942518686224-1.7938268859688967E-15i,0.7898967732632644,-3.691294785243459E-5
12.4,3.2529920339104046-5.228128242654605E-15i,0.014142344419406217,0.01412775865827032
12.4,3.272915270665941-3.3234817247834752E-15i,-0.061053492482198296,0.025906249844664164
12.600000000000001,2.897595457241803+4.899834985896492E-16i,0.07990375283087758,-0.026457949470882067
12.600000000000001,2.8987513965523113,-0.08592461750582886,0.016527082905039934
12.600000000000001,3.0754704026227513+8.019444712187899E-16i,-0.024204118580109967,-0.11227161760361905
12.600000000000001,3.1687848303939736+2.342908231061493E-15i,-0.7078992559544238,0.04316309658911131
12.600000000000001,3.242080135888079+4.697364033683624E-15i,-0.014019151213367166,0.044853731050452116
12.600000000000001,3.25612399055286,-0.01605964392362496,-0.011539515245858905
12.8,2.8881938533965457-4.1491873905734556E-16i,0.0830190805657526,-0.015770732753694422
12.8,2.8894289148537493-3.6929929828640753E-16i,-0.00479410400800832,-0.00601791280511089
12.8,3.059670839372476-8.922579561087464E-16i,-0.0026553247976342106,-0.058570747759058524
12.8,3.166205789842272+1.848316684830084E-15i,0.70087600431708,-0.041169043152305
12.8,3.228403868463608+9.92780757717976E-16i,-0.02816066645827665,0.04964342898747491
12.8,3.2448342858756543-4.207173276424321E-16i,0.1888095481513547,-0.013923123746630059
13,2.8759497150239333-3.5770631751748705E-16i,0.10472326339712042,0.00855619985801413
13,2.882175689212007-1.0915064333131477E-15i,0.0011059706572108937,-0.017850738062101225
13,3.0465939877054304-1.5432597856183794E-15i,0.003132594329426905,-0.06933130638172903
13,3.162889252937414-3.817404425381903E-15i,-0.5596642480609124,-0.03500757646788999
13,3.2172737053893417,-0.11088301154181744,-0.04815142880228297
13,3.2289462692410207+8.641135285486155E-16i,-0.009824469392241459,-0.053779252533259624
13.200000000000001,2.864886221110086+7.782318015844627E-16i,0.04763480165348655,0.0073644545528934995
13.200000000000001,2.874551520381314+1.130334306895176E-15i,0.00687891078549695,0.010138583909860837
13.200000000000001,3.0325661425890416-9.283786439514993E-16i,-0.024168270671262183,0.11504871038707686
13.200000000000001,3.1597323418151566+1.2305639067787057E-15i,0.6423305950073485,-0.012093290093298615
13.200000000000001,3.2030675122217005-1.977628056581356E-15i,0.053716151620842145,-0.08187875672771033
13.200000000000001,3.214712389156276-1.4449599574947063E-15i,-0.02881329400036365,0.03961070214302749
13.4,2.8532407145626806+1.8814837985261527E-15i,-0.08531660869789388,0.003009615375402613
13.4,2.8649428864044335,0.0035344762299093185,0.01884699029285413
13.4,3.0128430418512067+2.566214163496948E-15i,0.00381642524816757,-0.0700186751093747
13.4,3.1547712235160206-9.879684141471432E-16i,-0.5101483465029218,0.005122044035565665
13.4,3.195015498663653-2.1210743833010227E-15i,-0.05059603749893813,-0.004996628852485027
13.4,3.196377893541932,-0.20754070242824824,0.012807221659476113
13.600000000000001,2.8451480480608775,-0.07123583313099895,-0.0034218138691519727
13.600000000000001,2.858350158066449,0.006451136294389793,-0.010425020950330549
13.600000000000001,3.0012889863417307+1.6752619314921185E-15i,6.30111089323011E-4,0.03709318259405302
13.600000000000001,3.148355185307211-7.532227917336567E-16i,-0.24827789332706526,-0.012016808329750191
13.600000000000001,3.184405587676819,0.04749405855153799,-0.10951035548903046
13.600000000000001,3.187417983395406+1.8107739480384123E-15i,-0.1651526306409883,0.04384116197801792
13.8,2.8351902766288877+3.743422621631364E-16i,-0.11045384278891623,-0.004170156133786236
13.8,2.8511013954641706+1.5011299113036694E-15i,0.007314356424003214,0.023372612195783838
13.8,2.9909129825732004+3.0544928435877046E-15i,0.007756199245330236,-0.12903283540983596
13.8,3.1404991580519606,0.17397427329236295,-0.005539417354261075
13.8,3.173350447042391,-0.26293287584499553,-0.023592785564004883
13.8,3.174036089060642+2.0331090848559455E-15i,0.15716408172489532,-0.003262941320236257
14,2.8266248464186607-7.248043068364762E-16i,-0.07573647656837806,1.984563428711436E-4
14,2.8431668757521185+1.3808512763476802E-15i,0.0028014404959529754,0.030803827427791197
14,2.9786686764529313-2.545611052764845E-15i,2.8717846122564645E-4,-0.13108305788763702
14,3.128560305576702,-0.11865998008811912,-0.0021385211128196525
14,3.1607417735673686+1.0297768191927436E-15i,0.07102946289136276,-0.046332192454626574
14,3.163539017718689+4.821377443217172E-16i,0.2358934150246445,0.021329954738903558
14.200000000000001,2.815287068078723+1.51355018185426E-15i,0.12301355726321682,-0.001431571661409761
14.200000000000001,2.8335265968625554-5.322986614371394E-16i,-0.005940519726709864,-0.06619813996310149
14.200000000000001,2.9650594078008954,0.004474491923706563,-0.10111470671450296
14.200000000000001,3.1066875123750126,0.06709532817754338,0.022563576917022005
14.200000000000001,3.144826270416581,0.06451613593941422,-0.044262400611379336
14.200000000000001,3.1522424758801257-1.6621348251987341E-15i,0.10448185261371752,-0.02200713577817348
14.4,2.807603659334+3.8198778656417803E-16i,-0.07248898196459654,-0.019736452458733324
14.4,2.8276395802435133-1.9414548874240484E-15i,-0.0018536477301995047,-0.05317274498081028
14.4,2.9574267607059785-1.249337484482225E-15i,-2.554027746666771E-4,0.061179263050245805
14.4,3.092511892931712+6.421125906181354E-16i,-0.015832496361047912,-0.027242499448170948
14.4,3.136874212803898-9.899560171270261E-16i,0.0781935664188537,0.029114152009293157
14.4,3.141705606152577-4.1301343904737774E-16i,0.12148393578248488,0.004695708438143138
14.600000000000001,2.798244497759013,0.12600507410164294,0.004174412922149953
14.600000000000001,2.8190389650844447,-0.01402390738940208,-0.03876463242341339
14.600000000000001,2.947862996981516-2.2051265387233535E-15i,0.0027730846557530164,0.1386534922220838
14.600000000000001,3.0805610186822068,0.025421859610990697,-0.0027111603576328255
14.600000000000001,3.1244966034285198-6.943528985428694E-16i,0.03440253709702665,0.010083015888971661
14.600000000000001,3.1287267401052605-3.3833507709328492E-15i,-0.09531323241225267,0.07654437898634088
14.8,2.791257253532227-3.782579572793116E-15i,-0.1093221322293681,-0.004198556330573858
14.8,2.8109085806845897-2.3091840172989322E-15i,0.011426210412019288,0.053022277345952204
14.8,2.9376417792284433+3.3915652666435263E-15i,-0.005420473647373169,-0.24559025426318487
14.8,3.050282809350538-1.6494490587878018E-15i,-0.00717661950512875,-0.01147571511217389
14.8,3.1139991092596895-1.56732890599342E-15i,0.008169830697349967,-0.042564387328782746
14.8,3.1243780043228857-6.231211165779184E-16i,-0.025667679946632854,-0.0318316808582215
15,2.7820768740550244-1.1253315285228146E-15i,0.08437462721347053,-0.0047257663473305855
15,2.801995073675531+2.9724548346530676E-15i,5.957415757188891E-4,-0.03384678557088845
15,2.928122143433269,0.0052643114088590124,-0.18386114516533478
15,3.0388963264046915+3.6899338744970074E-16i,-0.007816238055803022,0.02126667166892839
15,3.0989810854913307,0.09875819475873909,-0.03904437648558515
15,3.111004741431749-1.4346661994783127E-15i,0.028304450615543795,5.774807373713453E-4
