% Model,Cyl_Form_scales_v1.mph
% Version,COMSOL 6.1.0.282
% Date,"Jan 28 2025, 00:15"
% Table,Table 2 - orbital numbers
% scale,Eigenfrequency (GHz),m=0 (1),m=1 (1),m=2 (1),m=3 (1),m=4 (1),m=5 (1),m=6 (1)
0.58,21.879895854528066+2.506770008626518E-7i,1.4600701950171458E-5,0.24542352511718618,3.9911816933870965E-5,0.0013142373827070208,-1.334371210495952E-4,-9.168263943868812E-4,1.1801297347352608E-4
0.58,22.764665471233286+1.1267147726248337E-6i,0.11226908266634125,1.7405156176012056E-4,3.831233148378911E-4,3.1774225896551455E-5,1.8801401004751275E-4,-4.7722754547445604E-5,-6.198230064803527E-4
0.58,22.800787416082983+5.407562132474609E-7i,-9.022963368417945E-4,-7.714868359330786E-5,-0.19207502321586284,-8.382072952240857E-5,1.386816333599935E-4,-1.337636612221072E-4,-0.0011605952478784818
0.58,24.001661235633932+1.0971105812948124E-6i,8.890110456227196E-5,-0.09058193401974092,-6.378304921796358E-5,4.0800552374853626E-4,3.16268857463653E-5,0.002321822978631756,-1.3286374329449612E-4
0.58,24.052414090982932+2.7368937326012235E-7i,-4.1675317251162934E-4,-0.002432402223954136,-1.5675649994413004E-4,0.12273735891964221,9.885839820605565E-5,2.3153099039317215E-4,-4.106447718134109E-4
0.58,24.9174510294117+2.6236226583083454E-7i,0.0012750752618191825,0.0394007731979861,9.116620074734144E-4,0.0012410360722532104,0.0010253484846611714,7.048869589380627E-4,5.867658831857631E-4
0.58,25.591481795326246+1.0436279534257445E-6i,-2.8474307671085865E-4,9.817882346419265E-4,0.302769123416378,0.0010351236201784633,-0.004659874068275201,0.0010146879891989142,0.001197347803613983
0.58,25.648814915142967-4.945803738449745E-7i,-0.002154022949938762,4.2540499549731153E-4,-0.005094176846525206,-5.069627291546846E-4,0.06358025327576483,-0.0017027810146415777,9.146809839781753E-4
0.58,27.469966069701126+4.483099178861832E-6i,5.60443900258498E-4,4.5185706506118925E-4,0.0018446928817679763,-0.004758015198536421,-8.654737739552922E-4,0.0042857748439306086,6.05040063405999E-4
0.58,27.475694213437087+5.39476117934801E-6i,0.0013776949938386126,5.601219045508955E-4,-0.032834877083581376,5.401119670737977E-4,0.0020473376243066747,0.0013906578912657615,-9.991899142815872E-4
0.58,27.54326563851346+6.812374852666489E-7i,-0.017953981056501173,4.3286013604532396E-4,-0.007410077464148601,-0.05996576618478493,-8.617419345953289E-5,-0.0036637312495557514,-2.482503653162305E-4
0.58,27.601220587371074-1.8654350663069236E-6i,0.008226134672274031,-0.002921982280871885,0.004486530980200309,-0.0014505119928505301,8.494014443393671E-4,-0.3077135327837062,-0.0016225063323794162
0.6,21.927997330836995+8.541070646672559E-9i,-3.6438941287367184E-4,0.2383017643139355,-8.380153947413224E-5,-0.0012790018973553102,-3.94331748093437E-4,-0.0011161926825613855,-8.970268896129046E-4
0.6,22.86149762654559+1.3277784468790624E-6i,0.6879303818587749,3.2433632798341614E-4,6.72065864091436E-4,8.410284885738594E-5,-0.0024295727016504965,-0.0016024566717954835,0.0011096032378326438
0.6,22.899033367655075-2.2103151164061388E-6i,0.006036364623568785,8.958700633952941E-4,0.2011302850039124,3.0515358755337055E-4,0.0041218672823548136,-0.0012375072476914911,-0.0017604979589692998
0.6,24.171485986661533+1.6389997205881142E-6i,1.1234865947195297E-5,-0.35992798569694134,-4.057464026756434E-4,0.007034445872962134,0.0010408184953235387,-0.005215636873255461,0.0023456138794233595
0.6,24.21930611079069-4.225083706311713E-6i,3.5729739396125144E-4,-0.003452549865531494,-4.3669027323249945E-4,-0.13630657480952071,-0.0011196081994994304,4.881762266118568E-4,0.001760141797269826
0.6,25.156440217267107-4.731602156242854E-7i,0.0019230836276934303,-0.051797673656026756,-2.0394504434344715E-4,-0.007265346246502508,-0.0030323378208233828,-0.004902854031675857,-0.003101269345242918
0.6,25.86062880369094-4.867092831070019E-7i,0.001222172234445249,9.334587192093997E-4,0.1903286391534645,6.059097480666637E-4,0.002411875161304708,-4.617141848532917E-4,-0.0015189864059168285
0.6,25.907511643771922-3.534008234229463E-6i,-2.1687317275067807E-4,0.0014234544798512564,-0.0027556748684575924,0.0020136451047666347,-0.3296230817278925,-0.001268779893732473,6.254181028006596E-4
0.6,27.88183801534637-3.1256140300618928E-6i,0.02159217287479422,-5.558517662595514E-4,5.759663533787484E-4,-9.2604914680974E-5,-0.006009096955314051,-0.002873048089041889,-1.9573332149397697E-4
0.6,27.887687756375886-8.155058294423219E-7i,1.494188266205154E-4,-7.258754336416758E-4,-0.010365270353847468,0.007690864317414446,-0.0020257486057809956,-9.300668376511935E-5,0.002410628384382196
0.6,27.940097036408318-4.2443575029247116E-6i,-0.015681417975858092,0.00301618740447405,0.0228199753011804,0.3068271578086651,0.0028039646980696008,0.003979883334522372,-8.47543303473429E-4
0.6,27.97905568671831+1.8693284417723194E-7i,0.014792541324128045,-0.0070052992373732595,-2.927466402927659E-4,0.0023397681645667637,0.0010653715809385638,0.261273929966872,0.0024543684302523244
0.62,21.979268913108598+6.543903146509323E-9i,7.240146617478909E-5,0.24876009980392985,3.361243270698599E-4,-0.0011233312055772603,6.377292720510485E-4,9.716899784390775E-4,-8.014776962702554E-4
0.62,22.96166292649336+3.5382026869147423E-7i,0.4879617229300377,6.439836325086278E-5,-1.8312630552134917E-5,3.977849938821546E-4,-7.632859192049033E-4,1.0597046168153826E-4,-2.547203151625329E-4
0.62,23.003546482617928+2.6884964268552854E-7i,0.0036409637461908588,4.0890441170386043E-4,0.3343345019505566,2.830990480229688E-4,-0.0013224637048078155,2.2327238604101252E-4,3.062399834358754E-5
0.62,24.345283570315466+9.089610544576291E-7i,-4.4057457889966817E-4,-0.18432566621382665,-2.5936621862173066E-4,0.004909568759425061,-4.8704886627113394E-4,-0.0010308654713812573,0.0010453292971100703
0.62,24.398440084264422-8.054285432671711E-7i,3.9833843575983694E-4,-0.002460529883647624,-2.9142048000066793E-4,0.15987318853107768,8.640459211335195E-4,0.0010359026272283571,3.369607979251966E-4
0.62,25.401200794266188+1.2702452561714144E-7i,-0.0011306469131122671,0.03485061834851948,5.342542422714805E-4,0.006334848560806237,0.002819403718234896,0.0030166407287865516,3.340018315230113E-4
0.62,26.135700632240667-1.6052917624981134E-8i,-3.216882729005723E-4,-0.0029781380803268445,-0.23294156733734997,5.941252973668742E-4,7.642995062881369E-5,1.300022736780634E-4,5.500980591995138E-4
0.62,26.18805843324381-3.3617411587129683E-6i,0.0021284498576997195,-7.163377075518504E-4,0.004967982498544928,0.0020681895242844707,0.33671412830402137,5.040779227022313E-4,-0.0012216387943520834
0.62,28.300518079915225-6.562189889271939E-7i,0.018433017967169528,-0.002673484099355778,-0.00729372508165738,0.005839743375363383,-0.0013311613301568198,-1.907787782716203E-4,-4.316728962973086E-4
0.62,28.31076924985852-4.812046415223643E-7i,9.697989023410606E-4,-0.005774410211950353,-0.029135783779886414,0.01931311191845357,0.006022779692649724,6.0598179118318E-4,0.0017776904089393856
0.62,28.350246492343278-2.442093639240953E-6i,-0.023799411067628295,-0.004653665953119724,0.04442325728402685,0.23132043790201534,0.0028818486225270427,0.008351630707563378,-0.007411574054804515
0.62,28.39421709724526-7.18916702900759E-6i,-0.023973849333025862,-0.0028350890053847086,0.010842530648211916,-0.01789351504553609,-0.001218827719508273,0.2769362831483018,2.7715558138664164E-4
0.6399999999999999,22.030261669933562+4.3321020990152995E-8i,1.3588497861910092E-4,0.24956991176144241,3.169677528756468E-4,-0.0011315657670985624,6.171095104760026E-4,0.0010357738125667411,-7.169988314278453E-4
0.6399999999999999,23.06180082812788+2.5558975883439425E-8i,-0.5443860066614296,-1.5785331266120274E-4,1.4960351415801277E-4,-3.704626111560417E-4,9.513294449269013E-4,-1.364903108440708E-4,2.506129502734452E-4
0.6399999999999999,23.106565767829846+3.575337055404016E-7i,8.416778755117813E-5,2.505987174906477E-4,0.32782881634054617,4.326953541749636E-4,8.413351375553027E-4,2.382201783402985E-4,2.1286285829874566E-4
0.6399999999999999,24.522101923054738+8.565704468660541E-7i,4.414382223154339E-5,-0.16528273520465478,-1.2603386655805584E-4,-0.0040107890685421544,3.3410408021982313E-4,0.0016103777259457398,-0.0018319440461048327
0.6399999999999999,24.574586360716353+2.8292652395300084E-7i,-5.638089820409856E-4,0.0030181538174732536,-1.5332995268175687E-4,-0.3525440824284436,-5.246422930006326E-4,-0.0011310508073195094,-0.0013210337447441872
0.6399999999999999,25.650774707359837+1.457562080980403E-7i,-0.0013848314362102626,0.031640467361553334,-9.940447275213704E-5,0.007403810618272413,0.0034107420159488746,0.00309769065072102,-7.351694952006483E-5
0.6399999999999999,26.41750254668253+1.9633387650369525E-6i,-3.503474088937655E-4,6.665205406292167E-4,0.04062097989091136,-5.814715312311343E-4,-2.165515291473065E-4,4.708117547726529E-4,-2.971153076156574E-5
0.6399999999999999,26.462262789909072-9.188282811077941E-7i,-8.815897179234166E-4,-0.0021425296062835934,0.00976117572508557,5.41525947972305E-4,0.09593833430133673,0.001572452894615071,0.004762424531271511
0.6399999999999999,28.730346952942153-5.452239260309905E-7i,0.017522486120748918,-4.0696674508303133E-4,2.922540023434212E-4,0.007365090276283088,-0.0025783193255621067,0.0033012929114327625,-9.036064180784525E-4
0.6399999999999999,28.737126122101312+1.486351001639017E-7i,0.0023463195616578807,-0.0020148869862297966,0.008954234368683396,-0.002730450714086604,0.0013399605444111568,0.0017243135402073037,-4.610708241658792E-4
0.6399999999999999,28.76550882504859+2.643637253785247E-6i,-0.04106113975242515,0.010657774118073992,0.04888354443625664,0.32778612108955757,0.005742998953099759,0.03275388429757855,0.002447672043530036
0.6399999999999999,28.79374650637363-4.295651182157555E-6i,-0.003942341250483099,0.010723364880538776,0.004935209479445017,0.012272895707550809,8.787192289334718E-4,-0.11990115232226495,0.0015284506722777495
0.6599999999999999,22.080451475853113+4.279907431038564E-8i,-3.3705373700655434E-4,0.24948058957195085,-0.001177825817822956,4.2130315592237846E-4,9.66085146050891E-4,6.688110584736434E-4,0.0020414102694959004
0.6599999999999999,23.16096595408298+9.688816722209676E-7i,0.42150323535814666,-2.674877930867006E-4,1.0643920041879978E-4,-6.686464183501149E-5,5.914475013048589E-4,7.177238644789009E-5,3.311967601865081E-4
0.6599999999999999,23.208288231090606+6.750226469650947E-7i,-0.0034294595834287013,-0.0019507331312216309,-0.22004563977868571,-3.8093533924212473E-4,0.001451857628545837,0.003363617464236255,-2.2819359559436697E-4
0.6599999999999999,24.698246168480303+1.5613064376019418E-6i,4.3196095501214836E-4,0.03683926632947146,0.0016790956396507577,0.004687463277179526,-0.0017787755092850785,0.004985534489642046,-0.003723647467765731
0.6599999999999999,24.751516114877028+3.655272167139302E-6i,-0.0024815674463493182,0.006506914083735889,-9.06721977984423E-4,0.1389931495099739,0.0022713536204251243,-5.623241473805064E-4,-2.216684875992768E-4
0.6599999999999999,25.901199648717547-4.211064241901752E-7i,-0.0011678173590699613,0.03028943265989551,0.001615529623480703,0.001258371706657831,0.0024096649295457517,0.004930861239390681,-0.002012950363174185
0.6599999999999999,26.703642499483262+6.021222613405321E-7i,-7.809852205108275E-4,8.401189603224465E-4,0.2094197660003496,0.0020089081458859945,0.0017401445187243938,-0.00267039669903905,-2.9694343486058E-4
0.6599999999999999,26.746353276519297+8.673712690712013E-6i,-0.003478581096475686,-0.0012827673225462486,-0.0032982888506727396,0.0010174384056610248,0.24508830522771208,0.004104685399021375,-0.007800967811669362
0.6599999999999999,28.07353536525175+1.596275007461972E-5i,-3.9499497385882173E-4,0.24320975943425532,-0.001439020239020268,9.27337674391496E-5,9.951648652825427E-4,6.787207910037276E-4,0.002032974833062193
0.6599999999999999,29.04878146310489+5.258065237274295E-5i,0.05721116324649707,-0.0034658941368004947,-0.32949121823570426,-0.0036549041667529427,-0.02358835155540384,0.003623854016314501,-0.0021988404921850016
0.6599999999999999,29.066672842972643+1.3948659058867214E-6i,-0.6765440263967628,1.531143788990393E-4,0.0022088470865861327,6.471054158372374E-4,-0.003490971032594434,6.688981909588547E-4,-6.651881737575313E-5
0.6599999999999999,29.18420306927805-1.1705824036586417E-6i,0.0026731754113356503,-0.0035194328722868242,-0.004130951327717302,-0.05174982089530807,0.0014264973609492578,-0.0014859518296163514,-0.0017007086028439553
0.6799999999999999,22.13255197821561+2.6404783790963204E-7i,-9.449558015490407E-5,0.24824865169101892,-6.394308831005085E-6,-8.182465624499931E-4,4.650614758885743E-5,-7.232660860008812E-4,-5.4870325774119264E-5
0.6799999999999999,23.262421970794126+1.4112959614324368E-6i,0.3043757464964263,7.051002529412957E-5,-0.002739887686317534,1.0704400383355792E-4,-8.326781623289401E-4,3.903238575073261E-5,-9.44167252090248E-5
0.6799999999999999,23.31351821255969+5.541372656200426E-7i,0.0013872605807795976,-1.0920181763359728E-4,0.34999462105196233,1.3974487648163838E-4,-3.815102519894508E-4,-3.202565896818033E-5,0.009262753386612586
0.6799999999999999,24.8794729185773+2.8671922817141895E-6i,2.5382046801915076E-4,-0.329793027082176,-1.067146064547748E-4,-7.455533880736226E-4,-2.312643191829166E-5,-0.003120258894656457,3.788408994346861E-5
0.6799999999999999,24.934096649940997+5.054545328969512E-6i,-1.5664175756880186E-4,-0.006236835934009246,3.958746996246188E-4,-0.24975834834957716,1.9023364725995686E-4,-0.0050303802709904845,1.4715241213263648E-4
0.6799999999999999,26.158308044951315-9.059597028142205E-7i,0.0016157850814679513,0.03482015126291685,-7.960616595419645E-4,0.002188103159705897,-0.0016344893810786886,0.006506608122052044,-2.950698221057885E-4
0.6799999999999999,27.001943140810567+1.3978691141699518E-6i,2.3797311955277596E-4,1.667980092451841E-4,0.0024401809083908765,7.628856209726051E-5,0.005452313643804986,5.0986373934440076E-5,-2.9642566417000443E-4
0.6799999999999999,27.04133213391124+1.5205937529713393E-5i,0.019931082174715037,-9.620163475644046E-4,0.0012476814941649354,5.2435769070104274E-5,-0.3557665006874164,-2.1577526779583092E-4,2.3546779208237744E-4
0.6799999999999999,27.346305999970415+2.1572472137478452E-5i,5.794132551494664E-5,0.24846953700283403,0.0011921194925660391,-7.97636349614102E-4,3.5044505633866074E-4,-7.748409492776838E-4,-3.221879016654162E-5
0.6799999999999999,28.390011066222918+7.487213582282658E-5i,-0.012202065334497799,0.0010377111449991142,0.23380188744877367,0.00108488173374278,-0.007422928459897513,4.3692571371436263E-4,0.006399075818436642
0.6799999999999999,28.408926413310333-4.4681711919533526E-6i,-0.580809190787041,0.0013996404226420507,0.009969327249105323,6.872582190997934E-5,0.0028469867254098304,9.090503620865249E-5,6.343219726355636E-5
0.7,22.180865653683423+3.4744030697272834E-7i,-1.644451563895296E-5,0.2513243530006254,1.420603009988392E-4,-8.346885334210562E-4,2.852165162914888E-5,-7.460567417098779E-4,-4.956352756987764E-5
0.7,23.358120429383725-2.3113873566588826E-7i,-0.47252524269361573,-1.6365054955135453E-4,0.0024159491926564595,7.02087840270491E-5,0.0013957403356934114,4.174140459278686E-5,6.961277807250208E-5
0.7,23.41128655945171+2.4320635785975807E-6i,-0.005493013330117565,-6.187109855706867E-4,0.1248380248096197,-1.7996779786971567E-4,-5.099751847713234E-4,5.334890815758138E-6,0.0034057184152301023
0.7,25.05374094306638-4.935229416935224E-6i,3.182724552356906E-5,-0.3055545087535787,-4.213369823845332E-5,-0.004905207413224108,-5.9864265047271065E-5,0.0032942090416279296,1.291470837629494E-5
0.7,25.1075136383481+7.180959557659652E-6i,-3.6508919855931626E-4,-0.004881361513929261,-0.0011494420909441657,0.257154804955882,9.786681061428421E-5,0.00808118476007736,-2.794082705386292E-4
0.7,26.415129404015165+2.278032583048398E-6i,-0.003457778451659699,0.030723517221398013,-0.003452207246855796,0.0011003662323850027,-0.0020919866189048945,8.804144475366165E-4,-0.0012412171147826924
0.7,26.711311566804394+8.148750866510443E-6i,-2.3444138008075238E-5,0.2548755759485666,-7.03388696645956E-5,-7.960280110685392E-4,3.83292949024799E-4,-6.182331294035917E-4,-2.370074148403091E-5
0.7,27.288211353433947-1.2976781352626955E-5i,1.450662079404756E-4,-2.803166091450441E-4,-0.17140782365910032,-9.260400498513432E-5,-0.008653871406357955,-5.910570693430214E-4,-0.005200655231358815
0.7,27.32322726316623+1.8522932602768604E-5i,-0.01057942860254894,-0.003229660083803825,0.005989949113716582,0.002790052203381281,0.17336230220417936,0.0032008317202891273,3.9767372352338343E-4
0.7,27.816553622605728+3.8722256677704454E-5i,-0.008680743404486236,-4.8226585272481145E-4,0.005102419114651766,-6.675200784672018E-4,-0.004906790828738595,4.3255584034325906E-4,8.730874809777847E-4
0.7,27.83699351417437-4.8654027488326455E-6i,-0.6911604047546576,-1.4067725299354202E-4,0.001629644925050282,4.817732988882209E-5,0.0020145458288607417,4.938449283771953E-5,1.1086554504345937E-4
0.72,22.231056942491342+3.066294144705384E-7i,-1.8465978571223213E-5,0.24305046349313755,-7.81486331222709E-6,-7.322286209606935E-4,-3.764757292576019E-5,-7.66483315993417E-4,8.871734657700768E-6
0.72,23.45520175334827+2.4534670317311794E-6i,0.5938814626952154,8.578439542319841E-5,0.003295609580229013,1.421675401820744E-5,-0.0018609859252242855,-1.6924651923201013E-5,9.379366417629266E-5
0.72,23.514244651803036+2.7344426401912606E-7i,0.008996946892740536,-2.407494806206787E-4,0.3115619012788904,6.959443723528384E-5,-0.0013884285874272851,3.680309182417957E-5,0.00858019243757091
0.72,25.230412298199358+5.02537427777928E-6i,5.931916610466693E-4,-0.24215428371965936,-1.7025582935494804E-4,0.0021100725677949605,-6.0481958946741376E-5,0.0017199655166575815,-2.158203196393222E-5
0.72,25.29159973073404+5.658708491010843E-7i,3.3537155135520433E-4,0.0037799011407459383,-2.146426336801552E-4,-0.12803845316147244,-5.725403470982207E-4,-0.0029921210062978008,2.0790386050399285E-4
0.72,26.2036787945765+2.3784921228855282E-5i,-1.276539739535175E-4,0.2329103713204897,-6.453062239556316E-5,-5.922977589969519E-4,-3.454025295003099E-4,-5.971616881568067E-4,-4.7220525228973275E-5
0.72,26.671589415217657-5.4142800039370314E-6i,-1.189056721376495E-4,0.039102195125968804,-2.8055500895416693E-4,0.003456322561448293,-1.847419523416935E-4,0.003040338860904338,-2.3411371316294122E-5
0.72,27.38145119065083+6.807278137582104E-5i,0.07029467052042078,0.0012976430418774564,-0.2573410423872311,-0.0018378287211576962,9.576977993033155E-4,-6.844520501345844E-4,-0.005266281985931926
0.72,27.39919118372993+5.41205458570787E-6i,-0.3244110056386115,5.825634014039279E-5,0.042283705281314976,3.155030982584139E-4,-0.0032021787435268464,1.5740173806795584E-4,0.001493377443269169
0.72,27.575255916934623+5.329889041341665E-6i,-0.002397094794469123,0.0022933636710832767,-0.3408382128726684,-0.0018013515690234257,0.002802485105588149,-0.0013509629489541718,-0.01108532665117855
0.72,27.62016486730192+1.371203481101525E-6i,-0.01874902754086258,0.001018284590789973,0.00594284662096142,1.7654221363276162E-4,0.3549834682670719,8.917052709896021E-4,-9.414769933230386E-4
0.72,29.201677336222026+1.1549352979635228E-4i,-0.001944363833426763,0.06435691013003927,-2.987210219466882E-4,-0.3278567408789144,-0.0023136521595079735,-0.00839977901508958,5.619898727021323E-5
0.72,29.253338645779692+7.527828402804706E-6i,0.0018011572496518633,-0.29755945179027943,1.6800871933040935E-4,-0.03899110968025542,-0.0011321703942503009,0.08249707748560373,2.522185475642211E-4
0.74,22.280413641950272+3.8535146800253625E-7i,-5.617756572716087E-5,0.25017347686792907,1.376875496162117E-4,-7.131703973361473E-4,4.835117403391834E-6,-7.977205739132073E-4,-1.3865893543132378E-6
0.74,23.554775558926515+9.79434258952705E-7i,0.5747130288421621,2.5457885262736226E-4,-0.0022802789581622238,-1.0104194829146651E-5,-0.0017966100710551896,-2.9696132651493863E-5,-8.41230104158112E-5
0.74,23.614242249914053-6.145277191280448E-8i,0.005951940402575277,9.080975452383857E-4,-0.23439711083806156,-1.62931088991699E-4,4.1113666299735264E-4,-1.8351239306894495E-5,-0.00582188971869829
0.74,25.4180372222366-6.067851376593374E-7i,-6.236023872494906E-4,0.2416012634083082,4.996906888882671E-5,0.0013494057416233419,2.980156468826353E-5,2.77678751984927E-4,8.245749812047563E-6
0.74,25.473327142076055-1.414354454906814E-6i,5.104059249551957E-4,0.0021425524057288653,-3.0737836166038976E-4,0.20591852718339235,8.471353046392185E-4,0.006010750811812112,4.448363486420387E-4
0.74,25.726562780989717+8.846778503049174E-6i,-5.464188748064025E-4,0.2504074196336915,-1.551238396833634E-4,8.308133760481764E-4,-7.62460387759737E-5,-6.346886454243802E-4,-2.7313856198804412E-5
0.74,26.941790898411035+3.597061885409509E-7i,0.005996287800504014,0.03290007254887468,0.0029963346173929655,-9.404609553121918E-4,6.08743100935653E-4,4.2236835098307735E-4,2.2643751208287547E-4
0.74,26.969309180721357+2.9485879394496502E-5i,-0.014764379905754136,-1.5856505804658183E-4,-0.33389555757880557,-0.0022778818934472925,0.003199357882485216,2.152357333338066E-4,-0.008669309465266953
0.74,26.989775761318224+7.357621357502883E-7i,-0.6221281592019114,4.373644745398332E-4,0.006645467601395819,-4.3441521694545857E-4,0.0015750087526242174,-9.779073575744981E-5,-7.611512460960692E-5
0.74,27.897159153165937-3.7723640829293235E-6i,3.774024022595552E-4,-7.552879864350978E-4,0.01196973403324705,-7.708088432132037E-5,0.0018915642831265661,-0.0010742168362387911,6.709273600024662E-5
0.74,27.927149790230164-4.519611618767375E-6i,-0.013051498086512197,-8.730766864848897E-4,-0.0046876293784114485,-0.0022001883796137676,0.34000528713478795,0.0010674830147239644,9.472198985387295E-4
0.74,28.879794107302292+8.384411975352894E-5i,0.003272609725361457,0.03656305100102995,-7.860918265718995E-4,0.1644208093771496,-0.001557320316241817,0.0010902830658403027,7.303150006078897E-4
0.74,28.918498527600207-3.530909847419046E-5i,-0.0020363026674548416,0.31031385378821896,2.4291868592078605E-4,0.008500640749999027,0.001515361653195428,0.022441614303560214,-5.699207823548596E-4
0.76,22.329631542034672+2.4780555475407067E-7i,-0.001224710552043684,-0.010856423192706927,-0.0011407426632084653,-5.328091159421438E-5,-0.0010822937677332626,-3.7432852008230755E-5,-0.0010884230501950211
0.76,23.65143916451978+9.604003408522002E-7i,0.6385036510564235,-5.805455063987384E-5,-0.033404991863752224,2.4794898760863832E-6,-0.02934033623648254,5.850438508857496E-6,-0.033942643424920406
0.76,23.717869836779993-1.2296715628088583E-6i,-0.02263646201088184,-3.0730892267592357E-4,0.17990888954524095,-5.143991950416981E-4,-0.021256006753648568,-9.569746986771963E-5,-0.005800771814515014
0.76,25.33381804863238+3.73981004338349E-6i,0.02271947264051945,0.22712905220389626,0.022729781563665702,3.5567641190675434E-4,0.02291135404438361,0.001696593459659675,0.022956032643358697
0.76,25.60038459175981+1.4277403862537707E-6i,0.02212593780983189,0.19961635667642544,0.02209200603936418,0.004418831556117732,0.022314639234963036,4.726701436635975E-4,0.022248572341336325
0.76,25.666583149694503-3.207430481928748E-6i,-0.03357831659013989,2.117337061755569E-4,-0.034639069971716355,-0.3527047671143648,-0.0343404345539003,-0.021289978232377046,-0.035147679276634515
0.76,26.647384377769907+2.0153774891703065E-5i,-0.05698987669364125,0.0017979832194028665,0.1441477022772919,0.0013445656971269656,-0.0287727739865656,3.6688560966567803E-4,-0.002134224194051054
0.76,26.66494153392439+5.83793197498434E-6i,-0.651042936767885,4.205691748024429E-4,0.04015704923425568,2.5106201106267603E-4,0.029847542115433542,1.2137501208895517E-4,0.03400018319352733
0.76,27.21050048107943+1.763543063335395E-6i,-0.02710387363456275,0.03841420905385722,-0.026487899930040967,-0.00506458219264539,-0.02641553998805949,-0.004324853858699159,-0.02655700724350594
0.76,28.209544398633064+7.80352812328002E-7i,0.019044885812825978,-8.455078097944044E-5,-0.13812126590845816,-0.0011320509840839234,0.02235371445947153,7.072840546611741E-4,0.011744533873646056
0.76,28.257446109928928-4.674504632244916E-6i,-0.005557639569022396,-0.002121292013093617,0.03271526058326221,0.0018629686903998597,-0.3212504244948337,6.952334487540612E-4,0.03554059999865177
0.76,28.661210344559933+6.010956099725386E-5i,-0.03440650675596703,-0.03500882304301524,-0.03611212837111734,-0.341291050431692,-0.03749594825641023,-0.02365237977067966,-0.03738891755263268
0.78,22.378887745313914+1.1741367506217857E-7i,0.02485709990085837,0.24750549537490915,0.024936470997562285,0.0017502485992199693,0.02495243775815563,0.0016994991322417973,0.024914663871564713
0.78,23.750283185548266+7.016698727279589E-7i,0.6391862898850327,-3.169744188058717E-5,-0.03354279001571966,9.657508110744888E-6,-0.029358386245623633,-2.6250779159345964E-6,-0.033939442613815575
0.78,23.819991290267645+2.0784975692744272E-7i,-0.036196119937549225,-2.455835558421365E-4,0.3157212447708108,3.0152412137749324E-4,-0.03371115799429401,1.6167941987636216E-5,-0.010572151928106342
0.78,24.995476056232857+6.542078076219868E-6i,0.0252469316306251,0.2478731560692156,0.025047165248498697,0.001752600740154795,0.024967723604587353,0.001840074336821181,0.02494906159481178
0.78,25.786990679173886+6.910578060589178E-7i,-0.0297171358130983,-0.27617493923688696,-0.030563031981598102,-0.0025853219805818755,-0.03031257633998165,0.00104299988878163,-0.03027439454364939
0.78,25.85424940392207-6.033830639870298E-7i,-0.0021077956068439323,0.0011002771349416247,-0.002464348645015361,-0.03537479269754751,-0.0026680127693915665,-0.0010664872282506416,-0.002223596765437404
0.78,26.380787243234757+1.8962167152812495E-5i,-0.0205691182867023,-5.699955157674256E-4,0.3039274112919828,8.881958886946341E-4,-0.04432421863086873,1.549207440623629E-4,-0.00848491456020951
0.78,26.39845229012833-5.9022702291308E-7i,-0.658095849081405,-7.51999504802317E-5,0.03473035503448694,5.625501532917884E-5,0.029914357767078723,-3.4850759852779215E-5,0.03500633740354045
0.78,27.482063328874755-1.2992165116568563E-6i,-0.021617023396612395,0.029463367655011886,-0.021061507741838525,-0.00454093528823183,-0.021503319836766174,-0.003953963665179162,-0.021385380745170424
0.78,28.490812075025683+4.232022456915176E-5i,-0.03729377317546938,-0.04069232475317897,-0.025860682471947803,-0.3142045659554298,-0.030990896465708934,-0.02024531302878017,-0.03687387571676898
0.78,28.521732034776523-2.9741577248972633E-7i,-0.044256715415011125,-0.02839819146182576,0.336859635821369,0.03515471448068173,-0.03270369372846783,0.002484171692898894,-0.029438204683877905
0.78,28.52696983287174-1.0734780377850462E-5i,-0.01293531888548029,-0.07938355460398983,-0.12552308935342896,0.03810632944380022,-0.008370488314308124,-0.00526154084347112,-0.026885667784346937
0.7999999999999999,22.4291492081487-2.693014876589838E-7i,0.02516694615189243,0.24989508563577476,0.025234469673772845,0.0017344570982738556,0.025188322354612977,0.0017407840360277131,0.025180426048414768
0.7999999999999999,23.84865464611508-8.301281514136383E-7i,-0.5457260342189313,-2.031408842286708E-4,0.029679317899991786,-1.2005082565246494E-4,0.02484873370978909,-9.618422145647196E-5,0.028832257258948283
0.7999999999999999,23.928234912364363-7.189221543552685E-7i,-0.03633329910731201,-4.5495121897688616E-5,0.321486208387501,4.5306437882220104E-5,-0.03518450666256368,-8.796366193630106E-5,-0.01074183152301039
0.7999999999999999,24.714591088001196-2.8939286295404082E-6i,0.024839926147318402,0.23975167728640062,0.024349842583069582,0.0018346138919940402,0.024254673449578188,0.001589110094641137,0.024262066329254935
0.7999999999999999,25.97669007595074-8.142164460598086E-7i,-0.029282275587951857,-0.266783095843694,-0.029177560421652107,-0.0033432343831541578,-0.029282018694762855,0.0010852592550788778,-0.02939210347480013
0.7999999999999999,26.06033025877762+3.441578260712386E-7i,-0.0037089473255176547,-6.912496959295066E-4,-0.001289289453059717,-0.024858311332390047,-0.0013512514311370895,-0.0011549795799458442,-0.003219437468172353
0.7999999999999999,26.188476128256564-4.836176785422418E-6i,-0.2586937001854744,-0.0059868609226670835,-0.20637844144051898,0.007439469752599438,0.07591975285813939,-2.704860610928686E-4,0.029227747184778916
0.7999999999999999,26.19138049955523-3.7904181757385608E-6i,-0.5185128415571995,-0.003368562677194615,0.042863891231483923,-0.0021704521833194696,0.0023237877021644406,0.0035649692052463016,0.027847426106285524
0.7999999999999999,27.761558055355678-3.863610717098813E-6i,-0.02053130137651925,0.027605658151614258,-0.020955985461793593,-0.004381107822714111,-0.020580538958026154,-0.003827155832582429,-0.0208225440585094
0.7999999999999999,28.408962575202374-2.8861725068082357E-5i,0.0016356568222307966,0.1110155714059776,0.003129819953022434,-0.07126758789666035,8.344939609294556E-4,-0.07510587843761196,-0.0016308565016890503
0.7999999999999999,28.419010484267712+1.7995879062685806E-5i,3.374162762640037E-4,-0.08413440427476399,-0.007052194452583491,0.1445803747293799,-0.0013716758989403876,0.0015950976628687735,-0.004503298052322451
0.7999999999999999,28.845838550525574+3.0467935818388876E-6i,0.03699398377973201,0.0023547074351078067,-0.2848439644050782,0.0030730634630483805,0.0429450322218319,0.0014374550847022127,0.031799129982990254
0.82,22.47395633690517-2.639639069327553E-7i,0.02531613049929504,0.25153805600160856,0.025326126857384782,0.001712815937313234,0.025337509202547567,0.0017029680908938307,0.025314397885538853
0.82,23.944076667377466+1.9345013918295213E-6i,-0.6326386455583438,-4.326136176559504E-5,0.03395743735660839,-3.64348542509616E-5,0.028855456383342554,-2.7870348353664215E-5,0.03351371752303557
0.82,24.02445279884928-3.841249472670211E-6i,0.003234103256434043,2.937759712040739E-4,-0.012789560967367967,2.2807103178722259E-4,0.002486693827341741,1.820046740094097E-4,5.002181287730372E-4
0.82,24.46107760945413-3.91860047123697E-6i,0.02476894972967283,0.2291720786033714,0.0229072081534833,0.0016099391388623068,0.023081990421383914,0.001503216559341585,0.023038752301294183
0.82,26.0044708878064-1.0294691988560042E-5i,-0.27000091532585124,-0.0022045779287480846,0.2559748712726837,0.0010386281958036266,0.059804471797257515,3.481918614341835E-4,0.033177887915464756
0.82,26.00707502571239-3.508141059124886E-6i,-0.5655709838057769,-1.7671650788387815E-4,-0.0013291579085930808,0.0012368520850471174,0.007154963379311812,-0.0022798673942959857,0.05069262782092791
0.82,26.165373938737073+6.865092853833393E-7i,-0.034852878003426804,-0.33328462900981387,-0.03761874855617275,-0.0020788091223648544,-0.0364015724870128,1.6637511957189546E-5,-0.0365425694783969
0.82,26.24656326592053-5.214166884288083E-6i,-0.024884721659265873,-0.0010944750230529213,-0.021897409965530485,-0.24091983818534096,-0.025144865470997375,-0.014817672051839623,-0.02331746641211141
0.82,28.04050366428351-1.0954889272224293E-5i,-0.021320909136941877,0.026596610345051386,-0.02166504609111331,-0.004530172040922315,-0.021292053824236632,-0.004797036082456704,-0.02146736313802221
0.82,28.33351043422022-5.857086140872046E-7i,0.013750766173245848,-0.036130958646129835,0.007830753623781949,0.1284217676213802,0.0097113733482353,0.09541675419834843,0.017549551748217863
0.82,28.339963978392532-2.3943861366246604E-5i,0.02689491170275693,0.13299376749758346,0.028194942735676617,0.04891738307368129,0.027178420714811448,0.02937568785059082,0.02668474031876656
0.82,29.174943684610238-5.794062147901498E-6i,-0.014864707877350131,-0.0015454007800532398,0.0699529478708418,-0.003966890349588588,-0.00512326608284753,-0.002196145734374067,-0.009930547979538608
0.84,22.51887283849623-2.113795285459866E-7i,0.025609028063494656,0.25614554879243945,0.025801059332144723,0.0017676409086494662,0.02577422499281499,0.001747699376925757,0.025790614966722716
0.84,24.03979821129609-1.982623718609827E-7i,0.5478038175140687,-5.869427167831312E-5,-0.02911087929870396,-7.544678985139934E-5,-0.02508562769815842,5.931086251294512E-6,-0.029057966835261812
0.84,24.123674812214052-1.6740195706175012E-6i,-0.013241063375695158,5.573955823180312E-4,0.11958185899661546,3.5861104986850195E-5,-0.01305106168946835,5.027000976394514E-5,-0.003856474227431778
0.84,24.24435515823377-1.1517904139291108E-6i,-0.02571078190080919,-0.1915246217682285,-0.018165964248173325,-0.0011217617591883489,-0.019100627835641402,-0.001184815125230699,-0.0191383011518876
0.84,25.86004624344976+1.808960170536601E-6i,-0.36602290039472984,-1.542090571555493E-4,0.014505925728677696,0.0016354307741538857,0.017312597664427838,4.145292334954966E-4,0.019781093782699925
0.84,25.86160714751465-7.174722500310639E-6i,0.028024362541609286,0.0029291087192759055,-0.31867275007841955,-0.003065946693361625,0.03876533343248846,3.611720196312005E-4,0.009944599177747968
0.84,26.359378027752257+1.4796568381388493E-7i,-0.03658006253588946,-0.34601256591398466,-0.03868009876541944,4.2922477473389295E-4,-0.03807410725165608,-0.0016268986962003971,-0.037972580069121006
0.84,26.44018700020664-4.355365813585836E-6i,0.0016001144124268942,2.991866940321889E-4,0.0017625537954342547,0.022814984529223127,0.0021453329461005094,0.0012582827749947365,0.0018048201404733425
0.84,28.288552476500037-9.365167362964527E-6i,0.023930304865388583,0.17523324400850418,0.023707727688343887,0.1715567972889739,0.02385903480488618,7.111369952361016E-4,0.02230501710618575
0.84,28.293565246178602-3.432290871479307E-6i,-0.0176438694044295,-0.1549667482927351,-0.020201022986818324,0.11660910568802485,-0.0167749186644463,-0.03995496004593238,-0.01868428692762992
0.84,28.324871936068273+4.841188077408761E-7i,-0.021151893981697357,0.0232667967863952,-0.02167759724126226,-0.005734451013783546,-0.02122916848597891,-0.006503853218441902,-0.02158528333519212
0.84,29.50134220629383+1.0411117635890793E-6i,-0.02194657932311325,5.574166676678358E-4,0.17754177888148515,6.470205800472768E-4,-0.02190559307759473,4.7311932875729296E-4,-0.016911809694972628
0.86,22.559759871508763-2.027455246832103E-7i,-1.490420758743952E-4,0.24961871562437649,-2.7313646472522034E-5,0.0016945312862278507,-8.938304325790357E-6,0.0016628013656415017,-2.5853085072759433E-5
0.86,24.058097500525005-2.0600721454490906E-6i,0.0024922676119131194,0.24510762504614741,0.0022818193847231483,0.0015802627445650028,-3.136970162583948E-5,0.0015961501450223992,2.923645825101045E-5
0.86,24.130382611465304-3.2864380182459555E-7i,0.16385099666618463,0.0022825245800491716,-0.0018432442209799255,4.3027436541983834E-4,0.001108436807557383,2.834317043297237E-4,-1.0779848755579858E-4
0.86,24.21564777446162-6.340839043737095E-7i,-7.187742216611974E-4,-3.86288813552865E-4,0.34284028070956235,-3.54777375490185E-5,-2.184243256561035E-4,-1.4346628350321171E-5,0.023699029720656732
0.86,25.746801348152363+1.3172612437413971E-6i,-0.445631236362755,-2.587349840263729E-4,0.01351902618515468,0.0031408839374144444,-0.0024455792945249936,0.002267990865996341,0.0016343687268399534
0.86,25.754169595617345-6.819168348268978E-6i,0.005644405424110302,-0.0012056037391447827,-0.34929073268828775,-3.1675256252170696E-4,-9.434151743090954E-4,0.001816960508743663,-0.024191354840404567
0.86,26.542088524344937-6.616178794029633E-7i,6.469506580272055E-4,-0.25534573682251205,9.697742785810379E-4,-0.0027386151900022962,-1.8153079109535795E-4,1.8422915518691844E-4,4.1557739302586574E-4
0.86,26.624475085245532-1.0486750040250599E-6i,8.143850850818134E-4,-0.0010903742265342216,-7.400532249030983E-4,-0.35435892495071925,5.66243592469141E-4,-0.02188338274146201,-7.297192009718897E-4
0.86,28.281885605738672+9.995978412142948E-6i,0.0020041778208225625,-0.2992936173470824,4.288199552869067E-4,0.02723444543711761,0.0019133503825311698,-0.05287446974178032,-5.509158175146806E-4
0.86,28.30266581543764-2.1119199385726132E-5i,0.0035918901283551537,0.04072367027831556,-0.006828209418409002,0.3431590985465404,-0.00205618479902827,0.02312919724325687,-0.0067419899453696926
0.86,28.602150245359113-5.726210306311321E-7i,6.470540111605923E-5,0.02505706807262764,0.002314296905193004,-0.006925241510878372,9.883273084937903E-5,-0.006530843973254781,0.0015045829148723755
0.86,29.83543556782073-7.135611293333825E-7i,-0.0020416264982633463,-0.005830462682559925,-0.16981463233348024,-0.005379273637721247,-0.006204672084996019,-0.0036491614478670574,-0.0025657234583918425
0.8799999999999999,22.602364112595303+1.1802047076220896E-7i,0.02485064498572877,0.24694801440443706,0.02493273402512388,0.0017012812601133746,0.02485366404615919,0.0016967721866636334,0.024835131388106085
0.8799999999999999,23.89734195093527-3.3799783365156453E-6i,0.028983010419094804,0.29529241888964175,0.03028491465706627,0.0021425862573865207,0.02983769832448721,0.001916110808409942,0.029804045537841578
0.8799999999999999,24.225666726894538+1.3659422301061777E-6i,0.5920298132456802,-8.775137006029985E-5,-0.03079404329941988,1.125043121161625E-4,-0.02709094532035265,5.88587296943911E-5,-0.03138571280795041
0.8799999999999999,24.313583697485036-3.9878276927146885E-6i,-0.018586700559002547,-6.359327087782943E-4,0.1721010104269504,1.196811207815093E-4,-0.02061926578020696,2.2973377795513123E-4,-0.005735958504178726
0.8799999999999999,25.654096871603777-9.95485032840725E-6i,-0.5900002898253894,7.222604447738144E-4,0.027631015978837086,9.473470650800904E-4,0.025810977129139833,8.545938089752074E-4,0.031875319868457264
0.8799999999999999,25.66646783230418+5.215530269442664E-7i,-0.0250740786115762,-0.0015055954330808453,-0.11192783431716319,-0.002274435081935016,0.015009975665315232,-4.4677522985228386E-4,0.005355933678011828
0.8799999999999999,26.73874940173071+3.364352058252751E-6i,-0.039168723039894326,-0.3580268602557628,-0.03862272233662288,-0.012138613541941538,-0.03997625377805696,0.011162825867233078,-0.03856200293294732
0.8799999999999999,26.824144633133503-4.144615139061144E-6i,0.018248833606561297,-0.004028802291730394,0.01909845386181338,0.1941001695554874,0.018365280367120918,0.012044853985018212,0.01961961676003771
0.8799999999999999,28.309775595016045-1.9517515527089686E-5i,0.021361479391073048,0.07189872085764641,0.020013182060996584,0.026850544677733255,0.017531772402513853,0.04575667431563667,0.01984170126338682
0.8799999999999999,28.334740888536757+1.6140252777108172E-5i,0.00840158012881644,0.044965332602180566,0.007614416146851551,0.07196921196187,0.006206366212370426,-0.007164822504559159,0.005617333750150722
0.8799999999999999,28.902158850381362-8.092864837322165E-6i,-0.02570207264025212,0.023179990324216127,-0.022994352846142627,-0.00832254394952672,-0.025807913876395888,-0.008026898518797036,-0.023938664396217228
0.8799999999999999,30.18301145949338-8.309713631319735E-7i,0.022463159061641366,0.003859477398569014,-0.17337412480178493,-0.0028847587166645552,0.02584217778586504,0.01485897887917887,0.01817689014336965
0.8999999999999999,22.64266776749199-7.97296800054808E-8i,-1.2384401813891066E-5,0.24979720405489075,-1.2739253168538294E-5,0.001688386286679533,2.0233425810886284E-5,0.001711643701397648,-3.1346558118880956E-6
0.8999999999999999,23.756256912167586+1.30505277606838E-6i,6.313453415612767E-4,-0.10063529961325775,1.178122736252226E-4,-5.525285775612501E-4,-1.5481899086755434E-5,-6.520328843650989E-4,1.8093231226645715E-7
0.8999999999999999,24.319490348090273+2.677051147381442E-7i,-0.6681105430561809,-1.2735737917341868E-5,7.600937021808562E-5,6.594415480988536E-6,-0.004582223927430458,-1.5809019714292016E-6,1.6591778962017046E-6
0.8999999999999999,24.408291393715096-1.6098499902277664E-6i,4.503563959255808E-4,1.6221884290776355E-4,0.1273073647523838,2.506324060316059E-4,9.955377357802684E-4,-1.4725374833555862E-5,0.00891188381350259
0.8999999999999999,25.58651942354049+1.5438936077084695E-6i,0.5413135121011171,5.568123216975678E-4,-0.01918040494446657,-2.1755871145716805E-4,0.005091941243762971,2.8566864342835644E-5,-0.0012385503394294539
0.8999999999999999,25.59836877156448-6.087852091853476E-7i,0.03592899802581299,0.001006487445600091,-0.05179742428375189,8.502240625554105E-4,0.015466936732648175,2.3617920837921516E-4,-0.0013169908641089108
0.8999999999999999,26.940253885432202+6.424610492417361E-8i,3.1031642261349453E-4,-0.3135313028164856,-1.9731820676864041E-4,-0.0010568883510333363,-3.3192253672440865E-5,7.710092824495037E-4,1.281724262646988E-5
0.8999999999999999,27.01819475731539-3.558345305177854E-6i,-2.900679240894077E-4,-0.0018356868752693188,-3.086995383590077E-4,0.0392268801668995,-2.94125164751184E-4,0.001454700472444288,-2.590928369951596E-4
0.8999999999999999,28.333477174762596+5.818698075528931E-6i,0.0012112537386325523,-0.3531997794917367,-8.005120488682731E-4,-0.043196844763304924,-2.1778521085990372E-4,0.03779269599414777,2.031369881300644E-4
0.8999999999999999,28.346945692570003-6.267084133660282E-6i,3.3490861802119707E-4,0.02755320519223525,0.0018090047446478255,-0.07111660716028073,0.001122684999353846,0.0022566447138477586,0.0012391071940298962
0.8999999999999999,29.187038022487588-1.1103919763699157E-6i,1.795862385085537E-4,0.008903428102146685,1.1367666863318613E-4,-0.007236699591675277,-1.734014720612396E-4,-0.007229747860672568,2.80532447357976E-5
0.8999999999999999,29.32583993779773-2.170929756395496E-6i,4.0712798724821924E-5,-0.24637931770610558,-4.3643071576793106E-5,-0.0016923108860676384,-8.224848246124727E-5,-0.001806207090727648,-5.356227916816141E-6
0.9199999999999999,22.68192221307213+1.9944924613531356E-7i,7.468226082958513E-5,0.24684706682390634,5.809482944818138E-6,0.0016769737114204718,2.9426805064620014E-6,0.0016865217052135985,8.267781936635349E-6
0.9199999999999999,23.639725673372183+1.1584979250249E-6i,4.9551674887026344E-5,0.27169531149584547,-1.0297638514844142E-4,0.0017947417276904414,-8.949503758181391E-6,0.0018718446386442652,1.7344387893018827E-5
0.9199999999999999,24.411874909011388+4.1013595678785154E-7i,-0.6574532949579018,4.544128680452032E-5,1.983850467814281E-4,-9.669725626871363E-6,-0.004529080449598956,-1.1403730481144678E-5,1.384153397877796E-5
0.9199999999999999,24.50357648757823+1.1155496344357241E-6i,-9.503196637051793E-4,1.925501012580766E-4,0.10582940763068063,2.0205874749584953E-4,-5.044536040083487E-4,-1.5176075609201354E-5,0.007337319806433246
0.9199999999999999,25.541603550660056-1.155241652200669E-7i,-0.6364078019709063,1.7133191469237668E-4,-0.004358740537706358,1.0114063742200362E-4,-0.004440609508973626,9.541623055142155E-5,-3.7141546244719024E-4
0.9199999999999999,25.559621621471244+4.212087961436795E-6i,0.011533907998695313,2.6495435025322396E-4,0.05770018887148161,1.1349090427354919E-4,0.005407020790337914,1.5845188485742213E-4,0.0039490745298297785
0.9199999999999999,27.136186358712067-3.0807507090877006E-7i,1.8971269841274311E-4,-0.3612901166107068,6.22810602829628E-5,-0.004254942427281009,-3.4392159674684775E-4,0.0032920508087454455,2.681597626018427E-4
0.9199999999999999,27.21840585473015+1.8098560801714638E-6i,2.585554518444274E-4,6.241461830871152E-4,-4.049089469109954E-4,-0.1597978236161047,-2.2031477855859264E-4,-0.009357215569811344,-3.21401853055522E-4
0.9199999999999999,28.4055455743086-2.781507740153424E-6i,5.660241233948833E-5,0.34264326406128054,-4.525689002489107E-4,-0.0073324586820396045,2.3856071008994545E-5,0.011952087314945148,-8.349740387295769E-4
0.9199999999999999,28.428863577308512+6.541789305836426E-6i,-0.002720094179739495,-9.335169610778532E-4,0.00269384198758064,0.1018583345320708,-3.4967130390458896E-4,0.005133144524388207,7.873808638477036E-4
0.9199999999999999,28.699934791530893-1.7363794569284938E-6i,-1.7168094871833386E-4,-0.24374628908046775,-1.0810603415472492E-4,-0.0014450345318342617,-3.0911701260351724E-5,-0.001646123351629358,-1.8983578373797522E-5
0.9199999999999999,29.492090078967067+1.9553456094993445E-6i,-5.5539978877239274E-5,0.02353458245831953,1.8750425644182577E-4,-0.0029834936304981236,-1.8515512234544129E-4,-0.0024409817716049627,-1.400495346939172E-4
